video_id	post_date	caption
7593171218287627551	2026-01-09	“Illusion is the first product of the mind when it is divorced from the soul” - Alice Bailey “welcome to the circus” out 1/16 #jagwartwin #welcometothecircus  created by Jagwar Twin with Jagwar Twin’s welcome to the circus
7533308235458153759	2025-07-31	The War begins Which side are you on? White hearts for Team Roy 🤍 Black hearts for Team Sir Lucius 🖤 created by Jagwar Twin with Jagwar Twin’s original sound
7377505101193170222	2024-06-06	How many oompa loompas does it take to screw in a lightbulb?  #jagwartwin #badfeeling #ontour  created by Jagwar Twin with Jagwar Twin’s Bad Feeling (Oompa Loompa)
7655360615199837470	2026-06-25	“Out of the abundance of the heart the mouth speaketh.” - Bible, Matthew 12:34  #jagwartwin #welcometothecircus  created by Jagwar Twin with Jagwar Twin & sir lucius’s welcome to the circus
7655006477731613982	2026-06-24	You are the center of the circus   #jagwartwin #welcometothecircus  #live  created by Jagwar Twin with Jagwar Twin & sir lucius’s welcome to the circus
7654645603024063775	2026-06-23	It’s difficult for god to hear you when you scream.  #jagwartwin #welcometothecircus  created by Jagwar Twin with Jagwar Twin’s original sound
7654284739787967775	2026-06-22	Let’s tear the roof off of my house  #bounce #jagwartwin  created by Jagwar Twin with Jagwar Twin’s original sound
7653174493203991839	2026-06-19	“Be not lukewarm.” - Bible, Revelation 3:16 #jagwartwin #weird  created by Jagwar Twin with Jagwar Twin’s original sound
7652440497159458079	2026-06-17	There is only now. Wya? Watch the full video now on YouTube. Link in bio  #jagwartwin #bounce created by Jagwar Twin with Jagwar Twin’s original sound
7651695049159232798	2026-06-15	This is our world  #jagwartwin #bounce created by Jagwar Twin with Jagwar Twin’s original sound
7650560444607761695	2026-06-12	bounce (live underground) out now #jagwartwin #bounce  created by Jagwar Twin with Jagwar Twin’s original sound
7650177633149390110	2026-06-11	bounce live underground tomorrow #jagwartwin #bounce  created by Jagwar Twin with Jagwar Twin’s original sound
7649818206458187039	2026-06-10	Who’s coming to the next one? #jagwartwin #bounce  created by Jagwar Twin with Jagwar Twin’s original sound
7647228429519162655	2026-06-03	There is no ceiling except the one that exists in our own mind. Same goes 4 floors. - El Roy #jagwartwin #bounce  created by Jagwar Twin with Jagwar Twin & sir lucius’s bounce
7646474754097974559	2026-06-01	What you’re afraid to let go of will posses you - El Roy #jagwartwin #bounce created by Jagwar Twin with Jagwar Twin & sir lucius’s bounce
7645043971709750559	2026-05-28	I’ll give you what you’ve been dreaming #jagwartwin #luciuslullaby  created by Jagwar Twin with Jagwar Twin & sir lucius’s lucius lullaby
7644637787647397151	2026-05-27	Kali dances on Shiva. Shiva dances on ignorance. #jagwartwin #bounce  created by Jagwar Twin with Jagwar Twin & sir lucius’s bounce
7642066573972262174	2026-05-20	“Follow your bliss” - Joseph Campbell #jagwartwin #greattimetobehuman  created by Jagwar Twin with Jagwar Twin’s Great Time To Be Human
7641329395310808350	2026-05-18	“You’re gonna have to serve somebody.” - Bob Dylan #jagwartwin #luciuullaby  created by Jagwar Twin with Jagwar Twin & sir lucius’s lucius lullaby
7639809239476751647	2026-05-14	You are the center of the circus #jagwartwin #welcometothecircus  created by Jagwar Twin with Jagwar Twin & sir lucius’s welcome to the circus
7639093609391738143	2026-05-12	What you’re afraid to let go of will posses you - El Roy #jagwartwin #bounce  created by Jagwar Twin with Jagwar Twin & sir lucius’s bounce
7638780972221205790	2026-05-11	All your dreams are coming true #jagwartwin created by Jagwar Twin with Jagwar Twin & sir lucius’s city of angels
7637626200277650718	2026-05-08	Sometimes you’re early on the scene Sometimes your down in the dirt But you always rise 🐍 #jagwartwin  created by Jagwar Twin with Jagwar Twin & sir lucius’s lucius lullaby
7637286456733584671	2026-05-07	I am the force that made me  - El Roy #jagwartwin #bounce  created by Jagwar Twin with Jagwar Twin & sir lucius’s bounce
7636827965740928286	2026-05-06	If you feel like a mistake you must be mistaken - ROY #jagwartwin #weirdness  created by Jagwar Twin with Jagwar Twin & sir lucius’s weirdness
7636489231564606750	2026-05-05	I’m so in style   #jagwartwin #welcometothecircus  created by Jagwar Twin with Jagwar Twin & sir lucius’s welcome to the circus
7636129322767502622	2026-05-04	Would you follow the white rabbit?   created by Jagwar Twin with Jagwar Twin & sir lucius’s city of angels
7634615152318369054	2026-04-30	“People’s illusions come in all shades of meaning; they are coloured by party politics and so on.” - Rudolf Steiner created by Jagwar Twin with Jagwar Twin & sir lucius’s bounce
7634249267686821150	2026-04-29	A while back I was feeling down and like I didn’t fit in anywhere. Sia told me “your weirdness in the sunshine”. And this song was born #jagwartwin #weirdness  created by Jagwar Twin with Jagwar Twin & sir lucius’s weirdness
7633902109615721759	2026-04-28	Bless millie bobby brown  her character 11 was top 4 #jagwartwin #greattimetobehuman   created by Jagwar Twin with Jagwar Twin & sir lucius’s great time to be human
7633495218137959711	2026-04-27	Everyone looks just like you #jagwartwin #cityofangels  created by Jagwar Twin with Jagwar Twin & sir lucius’s city of angels
7632410027722116382	2026-04-24	Ya 🔥 Hey 💨 visualizer out now #jagwartwin #bounce  created by Jagwar Twin with Jagwar Twin & sir lucius’s bounce
7631668127666834718	2026-04-22	The maze of mind #jagwartwin #welcometothecircus  created by Jagwar Twin with Jagwar Twin & sir lucius’s welcome to the circus
7630923507223776543	2026-04-20	Everything is created twice, first in the mind, then in form. So too the moon waxes inwardly before it shines. #jagwartwin #badfeeling  created by Jagwar Twin with sh_katz.pretty’s sonido original
7629911263480515870	2026-04-18	We begin with a house and we end up with a heart - El Roy #jagwartwin #bounce  created by Jagwar Twin with Jagwar Twin & sir lucius’s bounce
7629814203796278559	2026-04-17	I saw her divinity, but not the one who held it, or where it led. I followed anyway, white rose in my left hand, and stepped off the ledge. - El Roy #jagwartwin #newmusic  created by Jagwar Twin with Jagwar Twin & sir lucius’s #1 champion (la conquistadora)
7629428120067656990	2026-04-16	“Ye shall be as gods, knowing good and evil.” - Bible, Genesis 3:5 #jagwartwin #luciuslullaby  created by Jagwar Twin with Jagwar Twin & sir lucius’s lucius lullaby
7629054556172815646	2026-04-15	A kid is a young goat. #jagwartwin #bananas  created by Jagwar Twin with Jagwar Twin & sir lucius’s bananas
7629035411213438239	2026-04-15	#onthisday  created by Jagwar Twin with Jagwar Twin’s original sound
7628669466175376670	2026-04-14	Almost all commercial bananas are genetically identical. #bananas #jagwartwin #sirlucius  created by Jagwar Twin with Jagwar Twin’s original sound
7628341168925068574	2026-04-13	When one splits themselves they can be devoured  This is one way to be reborn - El Roy #jagwartwin #bananas  created by Jagwar Twin with Jagwar Twin & sir lucius’s bananas
7627188100678176030	2026-04-10	“bananas” official visualizer out now #jagwartwin #bananas  created by Jagwar Twin with Jagwar Twin & sir lucius’s bananas - clean
7626844990173351199	2026-04-09	Did you like the show? #jagwartwin #welcometothecircus  created by Jagwar Twin with Jagwar Twin & sir lucius’s welcome to the circus
7626479946768092446	2026-04-08	“The house of the soul is built by thought.” - Rudolf Steiner #jagwartwin #weirdness  created by Jagwar Twin with Jagwar Twin & sir lucius’s weirdness
7626083554379795743	2026-04-07	I’m the No. 1 champion in this town #jagwartwin #newmusic  created by Jagwar Twin with Jagwar Twin & sir lucius’s #1 champion (la conquistadora)
7625760421235969311	2026-04-06	What you’re afraid to let go of will posses you - El Roy #jagwartwin #bounce  created by Jagwar Twin with Jagwar Twin & sir lucius’s bounce
7624596806659362079	2026-04-03	“The center is everywhere.” - Hermes Trismegistus #jagwartwin #bounce  created by Jagwar Twin with Jagwar Twin & sir lucius’s bounce
7624249827538373918	2026-04-02	Nowhere is not a destination but you can arrive in an instant- Roy #jagwartwin #bananas  created by Jagwar Twin with Jagwar Twin & sir lucius’s bananas - clean
7623858702218464543	2026-04-01	“Be ye therefore wise as serpents, and harmless as doves.” — Bible, Matthew 10:16 #jagwartwin #bounce  created by Jagwar Twin with Jagwar Twin & sir lucius’s bounce
7623178950939774238	2026-03-30	Your weirdness is the ☀️ #jagwartwin #weirdness #newmusic  created by Jagwar Twin with Jagwar Twin & sir lucius’s weirdness
7623156905401175327	2026-03-30	You should know by now…  #jagwartwin #1champion  created by Jagwar Twin with Jagwar Twin’s original sound
7623148875007675678	2026-03-30	let’s tear the roof off of my house #jagwartwin #bounce  created by Jagwar Twin with Jagwar Twin & sir lucius’s bounce
7622366652318944542	2026-03-28	“There are no ordinary people. You have never talked to a mere mortal… all friendships, all loves, all play, all politics.”  - C.S. Lewis #jagwartwin #bounce #sirlucius  created by Jagwar Twin with Jagwar Twin & sir lucius’s bounce
7622045120879152415	2026-03-27	lucius lullaby out now #jagwartwin #weirdness  created by Jagwar Twin with Jagwar Twin’s original sound
7621782299134217502	2026-03-27	“lucius lullaby” is out everywhere. It can’t be stopped #jagwartwin #sirlucius #luciuslullaby  created by Jagwar Twin with Jagwar Twin’s original sound
7621680995921579295	2026-03-26	STOP SIR LUCIUS #jagwartwin #luciuslullaby  created by Jagwar Twin with Jagwar Twin’s original sound
7621609365438549279	2026-03-26	“Shall a trumpet be blown in the city, and the people not be afraid?” - Amos 3:6 “lucius lullaby” out tonight at midnight  created by Jagwar Twin with Jagwar Twin’s original sound
7621341317238492447	2026-03-25	Do you hear lucius’ lullaby? #jagwartwin #luciuslullaby #sirlucius #stopsirlucius  created by Jagwar Twin with Jagwar Twin’s original sound
7620897813693500702	2026-03-24	“Everything is illusion (Maya) outside of eternal truth.” - H. P. Blavatsky  #jagwartwin #welcometothecircus created by Jagwar Twin with Jagwar Twin & sir lucius’s welcome to the circus
7620603147878255903	2026-03-23	You gotta serve somebody #jagwartwin #luciuslullaby #sirlucius  created by Jagwar Twin with Jagwar Twin’s original sound
7620525146977160478	2026-03-23	sir lucius makes a surprise appearance during the “lucius lullaby” album premiere He leaves the music industry with one line.. Full video on YT  created by Jagwar Twin with Jagwar Twin’s original sound
7620498380451613983	2026-03-23	Time to go bananas “lucius lullaby” out this Friday #jagwartwin #bananas  created by Jagwar Twin with Jagwar Twin’s original sound
7620137465084415263	2026-03-22	“The world is illusion, but illusion is not nothing. It is a revelation.” - Rudolf Steiner #jagwartwin #bounce  created by Jagwar Twin with Jagwar Twin’s original sound
7619450772618611998	2026-03-20	“The universe is a mirror reflecting the image of the one who looks into it.” - Manly P. Hall  “lucius lullaby” out 3/27 created by Jagwar Twin with Jagwar Twin’s original sound
7619380073170226462	2026-03-20	3/27 created by Jagwar Twin with Jagwar Twin’s original sound
7619051295357390111	2026-03-19	“A person who has not developed the will to conquer his own lower nature cannot become truly free.” - Rudolf Steiner #jagwartwin  created by Jagwar Twin with Jagwar Twin’s original sound
7618671501788663070	2026-03-18	“Clear your mind must be, if you are to discover the real villains behind this plot.” - Yoda #jagwartwin #bounce  created by Jagwar Twin with Jagwar Twin’s original sound
7618342403501559070	2026-03-17	“In all chaos there is a cosmos, in all disorder a secret order.” - Carl Jung #jagwartwin #bananas #newmusic  created by Jagwar Twin with Jagwar Twin’s original sound
7617928916249922847	2026-03-16	When the old order breaks the new world begins #jagwartwin #bananas  created by Jagwar Twin with Jagwar Twin’s original sound
7617155303766822174	2026-03-14	bounce with me #jagwartwin #bounce  created by Jagwar Twin with Jagwar Twin’s original sound
7616802254011632927	2026-03-13	lucius lullaby is coming  created by Jagwar Twin with Jagwar Twin’s original sound
7616485516061510943	2026-03-12	Genesis 3  created by Jagwar Twin with Jagwar Twin’s original sound
7616418519931964702	2026-03-12	There’s a Japanese proverb that says “The nail that sticks out gets hammered down.” Thats why I became a hammer #jagwartwin #weirdness  created by Jagwar Twin with Jagwar Twin’s original sound
7616134226487938335	2026-03-11	“An anarchist… or perhaps a constitutional monarchist.” - Tolkien  created by Jagwar Twin with Jagwar Twin’s original sound
7616069034265546014	2026-03-11	“Why fit in when you were born to stand out.” - Dr. Seuss #jagwartwin #weirdness  created by Jagwar Twin with Jagwar Twin’s original sound
7615699636866649375	2026-03-10	“I would arrest anybody who uses the word ‘State’… and after a chance of recantation, execute them if they persist.” - Tolkien  #jagwartwin #bounce  created by Jagwar Twin with Jagwar Twin’s original sound
7614234343875087646	2026-03-06	Life is short  #jagwartwin #bounce  @LeifMansonOfficial  created by Jagwar Twin with Chihei Hatakeyama’s Freeze III
7613836700468464926	2026-03-05	John Wick created by Jagwar Twin with Jagwar Twin & MERCY & sir lucius’s not your homie
7613475052092198175	2026-03-04	“We can only escape from the world by outgrowing the world.” - Manly P. Hall #jagwartwin #bounce #newmusic  created by Jagwar Twin with Jagwar Twin’s original sound
7612725784813374751	2026-03-02	I am your father  #jagwartwin #bounce #newmusic created by Jagwar Twin with Jagwar Twin’s original sound
7612026290803117342	2026-02-28	“Care about what other people think and you will always be their prisoner.” - Lao Tzu #jagwartwin #weirdness #newmusic  created by Jagwar Twin with Jagwar Twin’s original sound
7611628934265949470	2026-02-27	“The crowd is the untruth.” - Søren Kierkegaard #jagwartwin #welcometothecircus  created by Jagwar Twin with Jagwar Twin & sir lucius’s welcome to the circus
7611323250101996831	2026-02-26	your weirdness is the sunshine? created by Jagwar Twin with Jagwar Twin’s original sound
7610946324036455711	2026-02-25	“The shoe that fits one person pinches another” - Carl Jung #jagwartwin  created by Jagwar Twin with Jagwar Twin’s original sound
7610573156163603743	2026-02-24	“One does not become enlightened by imagining figures of light, but by making the darkness conscious.” - Carl Jung #jagwartwin  created by Jagwar Twin with Jagwar Twin’s original sound
7610124056431529246	2026-02-23	“The only way to make sense out of change is to plunge into it.” - Alan Watts  created by Jagwar Twin with Jagwar Twin’s Great Time To Be Human
7609103871188684063	2026-02-21	“Man is asleep. He must wake up.” - G.I. Gurdjieff #jagwartwin #welcometothecircus  created by Jagwar Twin with Jagwar Twin & sir lucius’s welcome to the circus
7608766015949901087	2026-02-20	“Anxiety is the dizziness of freedom.” - Kierkegaard #jagwartwin #weirdness  created by Jagwar Twin with Jagwar Twin’s original sound
7608646655835000094	2026-02-19	“Where there is no vision, the people perish.” - Manly P. Hall #jagwartwin #badfeeling  created by Jagwar Twin with Jagwar Twin’s Bad Feeling (Oompa Loompa)
7608284505895423262	2026-02-18	The show must go on 🎪  created by Jagwar Twin with Jagwar Twin & sir lucius’s welcome to the circus
7608049208779689246	2026-02-18	“The privilege of a lifetime is to become who you truly are.” - Carl Jung #jagwartwin #weirdness  created by Jagwar Twin with Jagwar Twin’s original sound
7607981950913023262	2026-02-17	In an interesting turn of events, ROY no longer seems to be interested in releasing new music. Instead he turns his attention to a spoon. sir lucius mocks ROY’s weird behavior until he has an interesting idea. #jagwartwin #weirdness  created by Jagwar Twin with Jagwar Twin’s original sound
7607556490521529631	2026-02-16	“The path of liberation leads through the midst of the world of illusion.” - Alice Bailey #jagwartwin #welcometothecircus  created by Jagwar Twin with Jagwar Twin & sir lucius’s welcome to the circus
7606130227139333407	2026-02-12	Every maze has a center #jagwartwin #welcometothecircus  created by Jagwar Twin with Jagwar Twin & sir lucius’s welcome to the circus
7605333972133874974	2026-02-10	“Until you make the unconscious conscious, it will direct your life and you will call it fate” - Carl Jung  created by Jagwar Twin with Jagwar Twin & sir lucius’s welcome to the circus
7605003854006029598	2026-02-09	 created by Jagwar Twin with Jagwar Twin & MERCY & sir lucius’s not your homie
7603856871908248862	2026-02-06	you’re welcome 🎪 created by Jagwar Twin with Jagwar Twin’s original sound
7603463455680613662	2026-02-05	“The shadow is not evil. It is power unrecognized and therefore misused.” - Dion fortune #jagwartwin #welcometothecircus  created by Jagwar Twin with Jagwar Twin & sir lucius’s welcome to the circus
7602794005893598495	2026-02-04	welcome to the circus 🎪 #jagwartwin #welcometothecircus  created by Jagwar Twin with Jagwar Twin & sir lucius’s welcome to the circus
7602371433376877855	2026-02-02	“The world is today the victim of illusion, propaganda, and mass suggestion” 🏆 - Alice Bailey #jagwartwin #welcometothecircus  created by Jagwar Twin with Jagwar Twin & sir lucius’s welcome to the circus
7600517414605950239	2026-01-28	"People will do anything, no matter how absurd, in order to avoid facing their own soul." - Carl Jung created by Jagwar Twin with Jagwar Twin & sir lucius’s welcome to the circus
7598348294275730719	2026-01-23	“Man is no longer a wild animal, but he has not yet become a human being.” – G. I. Gurdjieff #jagwartwin #badfeeling  created by Jagwar Twin with Jagwar Twin’s Bad Feeling (Oompa Loompa)
7597955476575292702	2026-01-21	The dream about your teeth falling out #jagwartwin #welcomerothecircus  created by Jagwar Twin with Jagwar Twin & sir lucius’s welcome to the circus
7597515659915955486	2026-01-20	“Confusion is profitable to those who rule by illusion.” - manly p. hall #jagwartwin #welcometothecircus  created by Jagwar Twin with Jagwar Twin & sir lucius’s welcome to the circus
7597183079404326175	2026-01-19	ever met a bloodsucker with crocodile shoes? #jagwartwin #greattimetobehuman  created by Jagwar Twin with Jagwar Twin’s Great Time To Be Human
7596740723437882654	2026-01-18	“Most people are ruled by moods, impulses, and emotional habits which they mistake for themselves” - Manly P. Hall created by Jagwar Twin with Jagwar Twin & sir lucius’s welcome to the circus
7596037439299390750	2026-01-16	“Without self knowledge, without understanding the workings and functions of his machine, man cannot be free.” - Gurdjieff 🎪 #jagwartwin #welcometothecircus  created by Jagwar Twin with Jagwar Twin & sir lucius’s welcome to the circus
7595821652731071774	2026-01-16	“welcome to the circus” out now 🎪 #jagwartwin #welcometothecircus  created by Jagwar Twin with Jagwar Twin’s welcome to the circus
7595451563091512606	2026-01-15	Visita interiora terrae, rectificando invenies occultum lapidem #jagwartwin #welcometothecircus   created by Jagwar Twin with Jagwar Twin’s welcome to the circus
7595419889117056286	2026-01-15	And the people will love it 🐇  #jagwartwin #welcometothecircus  created by Jagwar Twin with Jagwar Twin’s original sound
7594915597926812959	2026-01-13	They love it when you lose control 🖤🪄🌈🎪 #jagwartwin #welcometothecircus  created by Jagwar Twin with Jagwar Twin’s original sound
7594533107227708702	2026-01-12	I’m the one they’re talkin’ bout  “welcome to the circus” out 1/16 #jagwartwin #welcometothecircus  created by Jagwar Twin with Jagwar Twin’s original sound
7593798908653030687	2026-01-10	🎪 “The world is a grand illusion, and the wise man does not allow himself to be deceived by its transient nature.” - manly p. hall #jagwartwin #welcometothecircus  created by Jagwar Twin with Jagwar Twin’s original sound
7593472602828442911	2026-01-09	I’m the one they’re talking bout 🎪🐇 #jagwartwin #welcometothecircus  created by Jagwar Twin with Jagwar Twin’s original sound
7593042870458682655	2026-01-08	“The glamour of the world blinds humanity to reality” - Alice Bailey “welcome to the circus” out on 1/16 🎪 created by Jagwar Twin with Jagwar Twin’s original sound
7592674336499158302	2026-01-07	“For now we see through a glass, darkly” the Apostle Paul #jagwartwin #welcometothecircus  created by Jagwar Twin with Jagwar Twin’s welcome to the circus
7592418865984834846	2026-01-07	“people demand freedom of speech as a compensation for the freedom of thought which they seldom use.” - Kierkegard “welcome to the circus” out 1/16 #jagwartwin #welcometothecircus  #newmusic  created by Jagwar Twin with Jagwar Twin’s welcome to the circus
7592028263640354079	2026-01-05	sir lucius’ plan in Episode 2 worked. “not your homie” is flying and success is undeniable. ROY wants to release his next song, but lucius reminds him that vulnerability loses, pointing to ROY’s lowest streaming song, BALLERINA BOY, as proof. Luckily, sir lucius has another trick up his sleeve and he presents “welcome to the circus.” And we go deeper down the rabbit hole… Whose side are you on?  #jagwartwin #welcometothecircus  created by Jagwar Twin with Jagwar Twin’s original sound
7589371208836074782	2025-12-29	welcome to the circus clowns 🎪  created by Jagwar Twin with Jagwar Twin’s original sound
7589363482001198367	2025-12-29	I got dropped for this song. Now it’s my first Gold record. This is your reminder to trust yourself even when nobody else gets it. The label said this song would never work. They didn’t understand what I was doing. I was dropped and released it independently. For the first year and a half it didn’t stream well. It didn’t get playlists. It didn’t fit an algorithm or a genre. On paper it looked like a failure. But people slowly found it. Shared it. Passed it around. It took time. And that’s the lesson. Not everything is meant to go viral right away. Some things need to time to grow. Sometimes the rest of the world needs to catch up with you. It can feel lonely at times. I’ve felt crazy, I’ve felt sad, but that thing that makes you different is often the thing you’re meant to protect. Not fix. Everyone has opinions. Everyone is right and wrong at the same time. The only voice you actually have to learn to listen to is your own inner compass. Keep faith in yourself. Keep faith in God. Keep faith in the universe. Even when you can’t see the results yet, your belief is doing more than you think. Your thoughts, your heart, your vision are shaping reality in real time. If you’ve been given a desire, a feeling, a calling in your soul, it isnt random. It was placed there by God for a reason. Trust it. Keep going. Learn how to see in the dark.  Thank you to every single person who has believed in me, seen me, let me sleep on their couch, EVERYONE who has listened to Jagwar Twin and shared the music. What a beautiful way to end this year. Sending my love 🤍- Jag 🐆🌎 created by Jagwar Twin with Jagwar Twin’s Happy Face
7585242639654538526	2025-12-18	Out the park 🏟️ created by Jagwar Twin with Jagwar Twin’s Great Time To Be Human
7582682305169198366	2025-12-11	It still is a great time to be human created by Jagwar Twin with Jagwar Twin’s Great Time To Be Human
7581945953138035998	2025-12-09	Let’s not pretend we’re not pretending. Blleeepp #jagwartwin #darkside #notyourhomie  created by Jagwar Twin with Jagwar Twin & MERCY & sir lucius’s not your homie
7578957445079239966	2025-12-01	Two sides to every story 🖤🤍 #jagwartwin #darkside #notyourhomie  created by Jagwar Twin with Jagwar Twin & MERCY & sir lucius’s not your homie
7578248980572785951	2025-11-29	Let’s not pretend 🥀 #jagwartwin #notyourhomie  created by Jagwar Twin with Jagwar Twin & MERCY & sir lucius’s not your homie
7577147511257730317	2025-11-26	Leave sir lucius alone ✋🖤 #jagwartwin #darkside   created by Jagwar Twin with Jagwar Twin & MERCY & sir lucius’s not your homie
7574944102261755166	2025-11-20	🥀🥀🥀 created by Jagwar Twin with Jagwar Twin & MERCY & sir lucius’s not your homie
7574190627815001374	2025-11-18	Who wants new sir lucius songs? 🖤 created by Jagwar Twin with Jagwar Twin’s Happy Face
7573877332683918623	2025-11-18	sir lucius for president 🫡 🖤 created by Jagwar Twin with Jagwar Twin & MERCY & sir lucius’s not your homie
7572402180448111927	2025-11-14	Let’s not pretend 🖤 #jagwartwin #darkside #notyourhom  created by Jagwar Twin with Jagwar Twin & MERCY & sir lucius’s not your homie
7571324658193157406	2025-11-11	The truth is a lie that nobody can tell 🖤 #jagwartwin #badfeelingjt #darkside  created by Jagwar Twin with Jagwar Twin’s Bad Feeling (Oompa Loompa)
7570129686370503991	2025-11-07	Sir Lucius is both classy and snazzy 🖤 #jagwartwin #darkside #newmusic  created by Jagwar Twin with Jagwar Twin & MERCY & sir lucius’s not your homie
7569803568413281567	2025-11-07	This song still goes hard 🐇 #jagwartwin #fypシ  created by Jagwar Twin with Jagwar Twin’s Great Time To Be Human
7569357819628064030	2025-11-05	Replying to @🌓  if you like happy face in 2025, you’ll love “not your homie” 🖤 #jagwartwin #happyface #darkside  created by Jagwar Twin with 𝐈𝐯𝐚́𝐧 𝐑𝐌𝐮𝐬𝐢𝐜 🎧’s sonido original
7568631669880671519	2025-11-03	Now you’re on the dark side 🖤#jagwartwin #darkside #creepypastas #fypシ  created by Jagwar Twin with Jagwar Twin & MERCY & sir lucius’s not your homie
7568205817065852191	2025-11-02	LOVE IT or hate it “not your homie” is here!!  "That cruelest of tyrants - public opinion" - H. P. Blavatsky created by Jagwar Twin with Jagwar Twin & MERCY & sir lucius’s not your homie
7567836307402149150	2025-11-01	Replying to @x0_chocominty_0x “not your homie” offical visualizer is out now one take. no edit. sir lucius says you’re all welcome for this masterpiece. #jagwartwin #creepypastas #happyface #fypシ #notyourhomie  created by Jagwar Twin with Jagwar Twin’s original sound
7567421820593376542	2025-10-31	not your homie is out now!  Thank you to the amazing @MERCY for singing this and writing this with me. She literally sent me a joke voicenote singing this chorus after getting back from a party and I knew we had to make this a sir lucius song. The ultimate introverted extrovert anthem. Thank you BHU for your brillitant mind producing this with me. Mixed this one myself. Mastered and tuned to 444hz by the Great Dale Becker because all Jagwar music is tund to the ancient 444hz healing frequecy. Life is beautiful. GRATEFUL that this song is out. I love you all - El Roy created by Jagwar Twin with Jagwar Twin & MERCY & sir lucius’s not your homie
7567233728720801055	2025-10-31	“not your homie” is out now.  sir lucius says you're all welcome.  created by Jagwar Twin with Jagwar Twin & MERCY & sir lucius’s not your homie
7567057706679373086	2025-10-30	“not your homie” out tonight at midnight 🐇🎃 #fypシ #viral #creepypastas #darkside #jagwartwin  created by Jagwar Twin with Jagwar Twin’s original sound
7566705731525807391	2025-10-29	You don’t know me 🐇  #darkside #viral #fypシ #creepypastas  created by Jagwar Twin with Jagwar Twin’s original sound
7566332264661929246	2025-10-28	"Waking up to who you are requires letting go of who you imagine yourself to be" - Alan Watts “not your homie” out on Oct 31st 🎃 created by Jagwar Twin with Jagwar Twin’s original sound
7565969458817240351	2025-10-27	not your homie 🐇 10/31 🎃 #darkside #jagwartwin #fypシ #newmusic  created by Jagwar Twin with Jagwar Twin’s original sound
7564935566144376095	2025-10-24	Send this to someone who’s not your homie 🥀 #fypシ #darkside #jagwartwin  created by Jagwar Twin with Jagwar Twin’s original sound
7564476917244628255	2025-10-23	A healthy social life is found only, when in the mirror of each soul the whole community finds its reflection, and when in the whole community the virtue of each one is living. - Rudolph Steiner #badfeelingjt #darkside #jagwartwin #fypシ  created by Jagwar Twin with Jagwar Twin’s original sound
7564123711368891679	2025-10-22	Comin in like a plague from the dark side 🥀 #darkside #fypシ #viral #creepypastas  created by Jagwar Twin with Jagwar Twin’s original sound
7564121899127639326	2025-10-22	“Will is the key to magic; without it man is a toy of forces. To affirm free will is to affirm the divine spark.” - Eliphas Levi created by Jagwar Twin with Jagwar Twin’s original sound
7563741277435530527	2025-10-21	Are NPCs real? #fypシ #darkside #creepypastas #jagwartwin  created by Jagwar Twin with Jagwar Twin’s original sound
7563362494903782687	2025-10-20	“The time has come to realize that supersensible knowledge has now to arise from the materialistic grave.”― Rudolf Steiner #jagwartwin #happyface  created by Jagwar Twin with Jagwar Twin’s Happy Face
7563015347801001246	2025-10-19	"I will tell you one thing that will make you rich for life. There are two struggles: an Inner-world struggle and an Outer-world struggle...you must make an intentional contact between these two worlds; then you can crystallize data for the Third World, the World of the Soul." - Gurdjieff created by Jagwar Twin with Jagwar Twin’s original sound
7562645187617443103	2025-10-18	"Two things in life are infinite; the stupidity of man and the mercy of God." - Gurdjieff  #jagwartwin #newmusic #darkside  created by Jagwar Twin with Jagwar Twin’s original sound
7561508987808648479	2025-10-15	"You can never awaken using the same system that put you to sleep in the first place." - Gurdjieff  created by Jagwar Twin with Jagwar Twin’s original sound
7561133643205250359	2025-10-14	Replying to @Dr_Pepper "All that you see out in front of you is how you feel inside your head." - Alan Watts created by Jagwar Twin with Jagwar Twin’s original sound
7560814603672833311	2025-10-13	Replying to @Sam 🦇🖤 sir lucius on your timeline telling you what to wear and what to like and how to be. 🖤 #jagwartwin #newmusic #fypシ #darkside #happyface  created by Jagwar Twin with Jagwar Twin’s original sound
7560389984423808286	2025-10-12	"Everything is going in the only way it can go. If people were different everything would be different." - Gurdjieff #jagwartwin #happyface #newmusic #notyourhomie #fypシ  created by Jagwar Twin with Jagwar Twin’s original sound
7559654428735851807	2025-10-10	Replying to @Sardine! 📼🪱/🧀🐀/🔲🔳/👁️📼  who’s gonna tell them about sir lucius?  #happyface #jagwartwin #sirlucius  created by Jagwar Twin with Jagwar Twin’s Happy Face
7559267932832828702	2025-10-09	Replying to @Karo "The crowd neither wants nor seeks knowledge, and the leaders of the crowd, in their own interests, try to strengthen its fear and dislike of everything new and unknown. The slavery in which mankind lives is based upon this fear." - Gurdjieff  #jagwartwin #happyface #badfeelingjt #fypシ #creepypastas  created by Jagwar Twin with Jagwar Twin’s original sound
7558934938523815198	2025-10-08	label emailed me and saying this song is my next happy face. whatever that means. Don’t email me.  "If you meditate and the Devil comes, make the Devil meditate." - Gurdjieff #howyouremailfindsme #viral #fypシ #halloween   created by Jagwar Twin with Jagwar Twin’s original sound
7558535665462398238	2025-10-07	“If we knew what a number of people are actually dead and what a number of these dead people govern our lives, we should go mad with horror." - Gurdjieff #jagwartwin #sirlucius #notyourhomie #badfeelingjt  created by Jagwar Twin with Jagwar Twin’s original sound
7558159058490936606	2025-10-06	“To speak the truth one must know what the truth is and what a lie is, and first of all in oneself. And this nobody wants to know."  - Gurdjieff #happyface #jagwartwin #sirlucius  created by Jagwar Twin with 𝐈𝐯𝐚́𝐧 𝐑𝐌𝐮𝐬𝐢𝐜 🎧’s sonido original
7557811940190326047	2025-10-05	Ashes ashes we all fall down 🥀  #fypシ #viral #darkside #badfeelingjt #creepypastas  created by Jagwar Twin with Jagwar Twin’s original sound
7557395876923051295	2025-10-04	sir lucius is highly collectible #sirlucius #darkside  created by Jagwar Twin with Jagwar Twin’s original sound
7556765888108662047	2025-10-02	what is sir lucius preparing? created by Jagwar Twin with Jagwar Twin’s original sound
7556307270112382263	2025-10-01	The Interview EP 2 (The Rise of sir lucius)  ROY believes in his new song, but after failures in the past, doubt lingers. sir lucius steps forward with “not your homie,” convincing ROY it’s the only way and sir lucius rises. Which side are you on? 🤍 or 🖤 #sirlucius #lightvsdark #newmusicalert #darkside #jagwartwin  created by Jagwar Twin with Jagwar Twin’s original sound
7555936861319925023	2025-09-30	The war continues, will sir lucius rise?  Find out tomorrow in EP 2 created by Jagwar Twin with Jagwar Twin’s original sound
7555667367624281357	2025-09-30	Jagwar Twin is ROY and sir lucius. A war between LIGHT and dark.  Whose side are you on? 🤍 or 🖤? created by Jagwar Twin with Jagwar Twin’s original sound
7553780372002163999	2025-09-24	In your mind you have the thoughts of the entire universe and everyone you know. Your mind thinks, not you.  Who are you?  Dont think about it tho. Put on a happy face and keep scrolling!🐇 created by Jagwar Twin with Jagwar Twin’s Happy Face
7550419098119802126	2025-09-15	The world’s in flames 🐇 #viral  #lifeisgood #fypシ @angelbaby  created by Jagwar Twin with Jagwar Twin’s original sound
7548946878994451743	2025-09-11	Is it Happy Face season yet? 🎃👻 #happyface #fypシ #viral  created by Jagwar Twin with Jagwar Twin’s Happy Face
7548906449280273694	2025-09-11	Who’s looping? #fypシ #viral #newmusicalert #loop created by Jagwar Twin with Jagwar Twin’s LOOP
7547517271481044254	2025-09-08	Since I can’t be at the Oasis show. Here’s my cover of Wonderwall #oasis #wonderwall #wonderwallcover  created by Jagwar Twin with Jagwar Twin’s original sound
7545589177748884791	2025-09-02	It’s time to break the LOOP! When you catch yourself in old thought patterns, say to that old version of yourself, I love you but I no longer choose you. Step into your destiny. I love you - El Roy ⚔️🐆 created by Jagwar Twin with Jagwar Twin’s LOOP
7544473306276039966	2025-08-30	LOOP is out, if you’re on the light side drop a 🤍 in the comments to show Sir Lucius that Roy is winning! #loop #stuckinaloop #fypシ  created by Jagwar Twin with Jagwar Twin’s LOOP
7544061551859223839	2025-08-29	LOOP visualizer out now 🔁 #loop #jagwartwin #stuckinaloop  created by Jagwar Twin with Jagwar Twin’s original sound
7543854783501847838	2025-08-29	LOOP is out everywhere now!! God brought you here. Well God and the algorithm. If you’re ready to change your life and break the LOOP leave a ♾️ below. Let’s do this!! - El Roy, a loyal servant of the Realm ⚔️  #newmusic ##fypシ##loop##stuckinaloop created by Jagwar Twin with Jagwar Twin’s LOOP
7543706986567830814	2025-08-28	Only you can break the loop. Stop living from the emotions of the past and step into who you were always meant to be now. You are not a person! That’s the mask you wear. You are a living breathing star and you can change your destiny. 🤍- El Roy  created by Jagwar Twin with Jagwar Twin’s original sound
7543374880385830175	2025-08-27	LOOP out Friday 8/29 #fyp #viral #stuckinaloop  created by Jagwar Twin with Jagwar Twin’s LOOP
7542996068103884062	2025-08-26	Where my gemini twins at? #gemini #stuckinaloop  created by Jagwar Twin with Jagwar Twin’s original sound
7542953110373666079	2025-08-26	It’s all good my twin  New song LOOP out on 8/29 #fyp #gemini #loop  created by Jagwar Twin with Jagwar Twin’s LOOP
7541445343808851230	2025-08-22	One week until LOOP  created by Jagwar Twin with Jagwar Twin’s LOOP
7541082211252997390	2025-08-21	The deeper esoteric symbolism of the green apple 🍏  • Knowledge that hasn’t been earned • Misuse of the mind • Intelligence divorced from spirit • Power access before spiritual maturity • Fruit that is unripe No wonder why Sir Lucius is always holding one ##greenapple##symbolism##fyp##viral created by Jagwar Twin with Jagwar Twin’s LOOP
7540714510772931871	2025-08-20	Who will take control of Jagwar Twin and lead the Realm? Who will wield the sword of truth? ✠ LOOP out on 8/29  #fyp #viral #loop  created by Jagwar Twin with Jagwar Twin’s LOOP
7540008828486585630	2025-08-18	The path that Lucius created may not be the only way. Is choice an illusion or will Roy make his way out from the middle of the maze?  LOOP out on 8/29 created by Jagwar Twin with Jagwar Twin’s original sound
7539337823053270303	2025-08-17	Will Roy come out victorious or will Sir Lucius rise?   Symbolically the rose is the heart revealed, the union of opposites, light and dark. It is beauty unfolding toward divine love and the truth hidden in the center of the self. LOOP out on 8/29  created by Jagwar Twin with Jagwar Twin’s original sound
7538888402247224607	2025-08-15	But Lucius’ secret faction grew in the darkness and kept close eye on Roy.  If you’re with Roy repeat below in the comments as many times as you need.  I am thee  Thou is Me Me is thou I am thee  🐇Sir Lucius is the mind divorced from the heart. He is the whisper that offers knowledge before you’re ready to hold it, the green apple plucked too soon. He lives in the shadows of our thoughts looping our fears and doubts into the same stories until we forget who we are. He is self-betrayal dressed as logic. Self-sabotage disguised as strategy. LOOP out 8/29  created by Jagwar Twin with Jagwar Twin’s original sound
7538520847011597599	2025-08-14	Inside the constraints of the LOOP, the dance of Darkness and Light continued. “My mind must serve my heart”, Roy repeated incessantly as he stepped through the gate  “LOOP” out on 8/29  created by Jagwar Twin with Jagwar Twin’s original sound
7538126571115154719	2025-08-13	A singular voice inside Roy’s head spoke saying “The loop ends the moment you choose it.” But Sir Lucius was clever ♄ New single LOOP out 8/29!  created by Jagwar Twin with Jagwar Twin’s LOOP
7537781790065331487	2025-08-12	🖤 for Sir Lucius  🤍 for Roy  created by Jagwar Twin with Jagwar Twin’s original sound
7537778790206852407	2025-08-12	Sir Lucius created his own Dark Circle within The Circle and the loop continued. Roy still fought back ☿ created by Jagwar Twin with Jagwar Twin’s original sound
7537458087490276638	2025-08-11	With infinity powering eternity, Roy fought to escape the LOOP as the rose bloomed. ✠  created by Jagwar Twin with Jagwar Twin’s original sound
7536262503525879070	2025-08-08	The tree would not fall into the flames ✞☠︎︎ created by Jagwar Twin with Jagwar Twin’s original sound
7535906186609216798	2025-08-07	Roy's prayer was answered through a crack in the sky, and the fire still burned ✡︎ ☯︎ ︎ created by Jagwar Twin with Jagwar Twin’s original sound
7535543406852885791	2025-08-06	In the mist of infinity, Roy's prayer was heard ✟ created by Jagwar Twin with Jagwar Twin’s original sound
7535230210980007199	2025-08-05	"What do I stand for? Where am I going?" Roy asked as he stared at his distant reflection in the mirror 𓃠 created by Jagwar Twin with Jagwar Twin’s original sound
7535140740674964767	2025-08-05	Roy's infinite power slipped into confusion. The shadow grew ⚔︎𓃹 created by Jagwar Twin with Jagwar Twin’s Bad Feeling (Oompa Loompa)
7534763705997856030	2025-08-04	In the silent uncertainty, a shadow awoke. And the shadow was Sir Lucius ♖♜ created by Jagwar Twin with Jagwar Twin’s Happy Face
7534399758815841567	2025-08-03	Sir Lucius lit the fire, and the fire was all-consuming. What was once clear in Roy became a distorted reflection ♊︎ created by Jagwar Twin with 𝐈𝐯𝐚́𝐧 𝐑𝐌𝐮𝐬𝐢𝐜 🎧’s sonido original
7534020470077738271	2025-08-02	The waters stirred, and the war began ♱ ☯︎ ︎ created by Jagwar Twin with Jagwar Twin’s Bad Feeling (Oompa Loompa)
7533672023306865950	2025-08-01	In the beginning there was the One. The One was divided ✞☠︎︎ #jagwartwin #happyface  created by Jagwar Twin with Jagwar Twin’s Happy Face
7524068059833732383	2025-07-06	Replying to @agata.sendra thank you for allowing me a place to share my story. The full version of ballerina boy live in LA is out tomorrow created by Jagwar Twin with Jagwar Twin’s BALLERINA BOY
7522989997033639198	2025-07-03	Replying to @T  maybe I’ll drop  created by Jagwar Twin with Jagwar Twin’s original sound
7522221964342218015	2025-07-01	Love echos into infinity ♾️  Thank you for all the love on Loop before it’s released!  created by Jagwar Twin with Jagwar Twin’s original sound
7521786846427352350	2025-06-30	BALLERINA BOY music video out now. Thank you michael and jade and everyone who helped make such a beautiful movie. And thank you to everyone who’s been touched by the song. This one in particular has been a journey for me on many levels. If you’re reading this, there’s no one else like YOU out there 🖤🤍 - El Roy created by Jagwar Twin with Jagwar Twin’s BALLERINA BOY
7520753263264697630	2025-06-27	Anyone else feel like they’re stuck in a loop? ♾️ created by Jagwar Twin with Jagwar Twin’s original sound
7519953829467622687	2025-06-25	Sharing these songs live is such a gift. Thank you for making this all possible <3 BB created by Jagwar Twin with Jagwar Twin’s BALLERINA BOY
7519583114671246622	2025-06-24	BB live in Los Angeles 🌙  created by Jagwar Twin with Jagwar Twin’s BALLERINA BOY
7519198780709768479	2025-06-23	Oscillating between ballerina boy and bro created by Jagwar Twin with Jagwar Twin’s BALLERINA BOY
7518092084843171102	2025-06-20	For the real boys  BALLERINA BOY lyric video out now  created by Jagwar Twin with Jagwar Twin’s BALLERINA BOY
7517031032084778271	2025-06-17	First time playing this was beautiful… thank you LA  created by Jagwar Twin with Jagwar Twin’s BALLERINA BOY
7516647436048289055	2025-06-16	There’s nothing wrong with you ✞ BALLERINA BOY out now created by Jagwar Twin with Jagwar Twin’s BALLERINA BOY
7515481176228859182	2025-06-13	Grateful to God, grateful to everyone streaming this song. Thank you for hearing my story 🩰 BALLERINA BOY out now created by Jagwar Twin with Jagwar Twin’s BALLERINA BOY
7515279249012444446	2025-06-13	BALLERINA BOY out now created by Jagwar Twin with Jagwar Twin’s BALLERINA BOY
7515250199133211950	2025-06-13	🩰 created by Jagwar Twin with Jagwar Twin’s original sound
7515124821643005214	2025-06-12	BALLERINA BOY tonight at midnight ☠︎✞ created by Jagwar Twin with Jagwar Twin’s original sound
7514908071974407454	2025-06-12	🐰 created by Jagwar Twin with Jagwar Twin’s original sound
7514881417906605342	2025-06-12	There's no one else out there like you created by Jagwar Twin with Jagwar Twin’s original sound
7514762628070214942	2025-06-11	Friday is going to be wild  created by Jagwar Twin with Jagwar Twin’s I Like to Party
7514455395159657758	2025-06-10	what makes a real boy☠︎ ✞ created by Jagwar Twin with Jagwar Twin’s original sound
7514063897503059231	2025-06-09	Listen to the whispers from the future not the echos from the past. It’s you.  BALLERINA BOY out June 13th created by Jagwar Twin with Jagwar Twin’s original sound
7513702380815371551	2025-06-08	What parts of yourself have you buried? No more walking with ghosts ☠︎ ✞ created by Jagwar Twin with Jagwar Twin’s original sound
7512893552041397534	2025-06-06	One week 🩰 created by Jagwar Twin with Jagwar Twin’s original sound
7512861789512650015	2025-06-06	The legend is me obviously  created by Jagwar Twin with Jagwar Twin’s original sound
7512572028734508319	2025-06-05	Buried him inside ☠︎ BALLERINA BOY out June 13th  created by Jagwar Twin with Jagwar Twin’s original sound
7512178762432138527	2025-06-04	I did have a purple gym bag so in retrospect I was kinda asking for it created by Jagwar Twin with Jagwar Twin’s original sound
7512163562169715998	2025-06-04	MAGIK at the club in the 80s woulda been crazy  created by Jagwar Twin with Jagwar Twin’s MAGIK
7511786411058597150	2025-06-03	Pinocchio Jesus  created by Jagwar Twin with Jagwar Twin’s original sound
7511437781483228446	2025-06-02	✞  created by Jagwar Twin with Jagwar Twin’s original sound
7510631164105739551	2025-05-31	I also set my high schools long jump record for shortest long jump See you June 13th at The Echo in LA, get tickets now before they are sold out! ⚔️ created by Jagwar Twin with Jagwar Twin’s Bad Feeling (Oompa Loompa)
7510348644294479134	2025-05-30	Anyone else a christian school kid? created by Jagwar Twin with Jagwar Twin’s original sound
7510060822102592798	2025-05-30	Ballerina boy created by Jagwar Twin with Jagwar Twin’s original sound
7509608047111834926	2025-05-28	Ballerina Boy June 13th created by Jagwar Twin with Jagwar Twin’s original sound
7509245382094851358	2025-05-27	Everything you do is MAGIK✨ created by Jagwar Twin with Jagwar Twin’s MAGIK
7509226153161264414	2025-05-27	You Oompa Loompas ready?  created by Jagwar Twin with Jagwar Twin’s Bad Feeling (Oompa Loompa)
7507780128814943519	2025-05-23	Anyone know this chord? created by Jagwar Twin with Jagwar Twin’s MAGIK
7507103082376105262	2025-05-22	That goat stuff is real  created by Jagwar Twin with Jagwar Twin’s MAGIK
7506264220355317023	2025-05-19	Yalls mind really in the gutter created by Jagwar Twin with Jagwar Twin’s MAGIK
7505574339622817055	2025-05-18	Promo  created by Jagwar Twin with Jagwar Twin’s MAGIK
7505095406762708255	2025-05-16	MAGIK visualizer out now  created by Jagwar Twin with Jagwar Twin’s MAGIK
7505050560005983518	2025-05-16	MAGIK IS EVERYWHERE NOW   MAGIK IS EVERYWHERE NOW  MAGIK IS EVERYWHERE NOW  created by Jagwar Twin with Jagwar Twin’s MAGIK
7504743500257234206	2025-05-15	Life without a YOU would be tragic ✨⚔️  created by Jagwar Twin with Jagwar Twin’s original sound
7504428017180052766	2025-05-14	2 days till MAGIK ✨ created by Jagwar Twin with Jagwar Twin’s original sound
7504030600991427870	2025-05-13	I’m so excited to finally announce The Inner Circle. A secret chamber for the most loyal servants of the Jagwar Twin realm on my discord. For the mystics, misfits, and magical humans only. Enter if you feel the call… 🕯️🔮 created by Jagwar Twin with Jagwar Twin’s original sound
7502619291989069087	2025-05-10	One of the greatest of all time Prince was magik 🔮✨ created by Jagwar Twin with Jagwar Twin’s original sound
7502543113819409695	2025-05-09	I’m having so much fun being a human these days. Reminder to smile today. You. Are. Magik. ⚔️✨ Out May 16th  created by Jagwar Twin with Jagwar Twin’s original sound
7502155422191652127	2025-05-08	You’re more than who you think you are  May 16 ✨⚔️ created by Jagwar Twin with Jagwar Twin’s original sound
7501839431020612895	2025-05-07	Everybody needs you here 🌎✨ created by Jagwar Twin with Jagwar Twin’s original sound
7501768417049906463	2025-05-07	May 16th✨ created by Jagwar Twin with Jagwar Twin’s original sound
7499901476744203566	2025-05-02	✨ created by Jagwar Twin with Jagwar Twin’s original sound
7498828016882126110	2025-04-29	First time DJing. Not the first time a woman has held a sword over my head ⚔️🐆 created by Jagwar Twin with Jagwar Twin’s dumbledore - DARK ARTS VERSION
7497341627896188191	2025-04-25	Your mind must be a loyal servant to your heart 🤍⚔️🖤 created by Jagwar Twin with 𝐈𝐯𝐚́𝐧 𝐑𝐌𝐮𝐬𝐢𝐜 🎧’s sonido original
7494713673416445215	2025-04-18	Jagwar Twin LIVE at the Echo June 13th  Loyal servants of the realm unite! 🖤⚔️🤍 created by Jagwar Twin with Jagwar Twin’s original sound
7493988003069660446	2025-04-16	Jagwar Twin Live @ The Echo in LA. June 13th. 🐆❤️‍🔥⚔️ created by Jagwar Twin with Jagwar Twin’s original sound
7493575232855330078	2025-04-15	When’s the last time you watched Snow White tho?   created by Jagwar Twin with Jagwar Twin’s Bad Feeling (Oompa Loompa)
7491416015008468254	2025-04-09	Replying to @kidney “It is the unknown we fear when we look upon death and darkness, nothing more.” - Dumbledore, a  loyal servant of The Realm 🖤⚔️🤍 created by Jagwar Twin with Jagwar Twin’s original sound
7491081681068150046	2025-04-08	Loyal servants of the Realm unite ❤️‍🔥⚔️ created by Jagwar Twin with Jagwar Twin’s SideQuest
7490278241563872542	2025-04-06	Whole lifes been a series of SideQuests ❤️‍🔥⚔️ created by Jagwar Twin with Jagwar Twin’s SideQuest
7489562603140926766	2025-04-04	🤍🖤 I’m so grateful for everyone here exploring light and shadow. Thank you thank you to every loyal servant of the Realm 🖤🤍 created by Jagwar Twin with Jagwar Twin’s Happy Face
7489234819604352286	2025-04-03	ADD isn’t real ⚔️ created by Jagwar Twin with Jagwar Twin’s SideQuest
7489128602596920607	2025-04-03	“The attitude of faith is to let go, and become open to truth, whatever it might turn out to be” - Alan Watts, a loyal servant of the Realm ❤️‍🔥⚔️ SideQuest out now created by Jagwar Twin with Jagwar Twin’s SideQuest
7488790661265689887	2025-04-02	Do you know the voice of your heart? Are you brave enough to trust and follow it, to be a loyal servant of The Realm?❤️‍🔥⚔️ created by Jagwar Twin with Jagwar Twin’s dumbledore - DARK ARTS VERSION
7488373612915772702	2025-04-01	We rise by kneeling  We conquer by surrendering  We gain by giving up Go forth, loyal servants of The Realm ⚔️❤️‍🔥 created by Jagwar Twin with Jagwar Twin’s SideQuest
7486973917723184414	2025-03-28	“This memory is everything. Without it, we are blind. Without it, we leave the fate of our world to chance.” - dumbledore, a loyal servant of the Realm ❤️‍🔥⚔️ created by Jagwar Twin with Jagwar Twin’s dumbledore - DARK ARTS VERSION
7486916323637759263	2025-03-28	⚡️SideQuest ⚡️ is out now ❤️‍🔥⚔️ Every SideQuest leads us somewhere. I am grateful for the journey and grateful for everyone here building our future medieval Jagwar World created by Jagwar Twin with Jagwar Twin’s SideQuest
7486575697972972831	2025-03-27	SideQuest out tonight at midnight ❤️‍🔥⚔️⚡️ created by Jagwar Twin with Jagwar Twin’s SideQuest
7486192525322112287	2025-03-26	I’m in London right now doing magical stuff. SideQuest is out on Friday. Life is beautiful ❤️‍🔥⚔️ created by Jagwar Twin with Jagwar Twin’s SideQuest
7485807130130402590	2025-03-25	Replying to @agata.sendra Shoutout to the council of Balder ⚡️ created by Jagwar Twin with Jagwar Twin’s SideQuest
7485427342228131103	2025-03-24	The SideQuest begins Friday ❤️‍🔥⚔️ created by Jagwar Twin with Jagwar Twin’s SideQuest
7484345455468383518	2025-03-21	1 week until we begin the SideQuest ⚔️❤️‍🔥 created by Jagwar Twin with Jagwar Twin’s SideQuest
7484035298691714334	2025-03-20	I'm a Gemini, but I identify as a Libra created by Jagwar Twin with Jagwar Twin’s SideQuest
7483979943655804190	2025-03-20	Dumbledore, but it’s a love song 🧙🏼‍♂️ Acoustic video out now  created by Jagwar Twin with Jagwar Twin’s original sound
7483660750406323487	2025-03-19	goss created by Jagwar Twin with Jagwar Twin’s dumbledore - DARK ARTS VERSION
7483587591892208927	2025-03-19	You're nobody's sidequest ❤️‍🔥⚔️ created by Jagwar Twin with Jagwar Twin’s SideQuest
7483253819149782302	2025-03-18	I never put anyone else above you ⚔️ SideQuest 3/28  created by Jagwar Twin with Jagwar Twin’s SideQuest
7482902280069516574	2025-03-17	Loyal servants of the Realm unite ⚔️❤️‍🔥 created by Jagwar Twin with Jagwar Twin’s SideQuest
7481821141628226862	2025-03-15	SideQuest 3/28. Who’s coming with me? ⚔️ created by Jagwar Twin with Jagwar Twin’s SideQuest
7481058509757451550	2025-03-12	SideQuest ⚔️ created by Jagwar Twin with Jagwar Twin’s original sound
7480702740394528030	2025-03-11	"Magick is the art of causing changes in consciousness to occur in accordance with the will." ~ Dion Fortune, a loyal Sevant of The Realm 🐆 created by Jagwar Twin with Jagwar Twin’s dumbledore - DARK ARTS VERSION
7480303688045628703	2025-03-10	"Music, a magic beyond all we do here!" - dumbledore, a loyal servant of The Realm 🧙🏻‍♂️⚔️ created by Jagwar Twin with Jagwar Twin’s dumbledore - DARK ARTS VERSION
7479194621319384351	2025-03-07	I miss tour. It’s been amazing creating new music but I can’t wait to be back with you ❤️‍🔥⚔️ created by Jagwar Twin with Jagwar Twin’s Bad Feeling (Oompa Loompa)
7478740313440292126	2025-03-06	"We are only as strong as we are united, as weak as we are divided." - dumbledore, a loyal servant of the Realm ⚔️ created by Jagwar Twin with Jagwar Twin’s dumbledore - DARK ARTS VERSION
7478030219606019358	2025-03-04	Lyric video for dumbledore out⚔️❤️‍🔥 Life is a dream 🧙🏼‍♂️thank you for all the love - Jag, a loyal servant of the Realm created by Jagwar Twin with Jagwar Twin’s dumbledore - DARK ARTS VERSION
7477715626828533022	2025-03-03	Wake up, you're dreaming... 🏰 created by Jagwar Twin with Jagwar Twin’s dumbledore - DARK ARTS VERSION
7477038276860300575	2025-03-02	Every thought you think, every word you speak, is a spell you cast. You are magik.  created by Jagwar Twin with Jagwar Twin’s dumbledore - DARK ARTS VERSION
7476499470205668639	2025-02-28	Consensually of course - 🧙🏼‍♂️ Out now ⚔️ created by Jagwar Twin with Jagwar Twin’s dumbledore - DARK ARTS VERSION
7476248374191181087	2025-02-27	I sometimes find, and I am sure you know the feeling, that I simply have too many thoughts and memories crammed into my mind 🧙🏻‍♂️ created by Jagwar Twin with Jagwar Twin’s dumbledore - DARK ARTS VERSION
7475796750763068702	2025-02-26	"The clue to one's next step toward the door of initiation may be revealed at the Full Moon during the sign of Taurus." ~ Alice Bailey, a loyal servant of The Realm 🐂🌕⚔️ ‘Dumbledore’ out on 2/28  created by Jagwar Twin with Jagwar Twin’s dumbledore - DARK ARTS VERSION
7475490454696430878	2025-02-25	Replying to @TypicalTabbyCat "Of course it is happening inside your head, Harry, but why on earth should that mean that it is not real?" - dumble ⚔️ GO DUMB created by Jagwar Twin with Jagwar Twin’s dumbledore - DARK ARTS VERSION
7475088701136129311	2025-02-24	"To repress rebellion is to maintain the status quo, a condition which binds the mortal creature in a state of intellectual or physical slavery. But it is impossible to chain man merely by slaving his body; the mind also must be held, and to accomplish this, fear is the accepted weapon. The common man must fear life, fear death, fear God, fear the Devil, and fear most the overlords, the keepers of his destiny." Manly P Hall, a loyal servant of The Realm ⚔️ created by Jagwar Twin with Jagwar Twin’s dumbledore - DARK ARTS VERSION
7474474131648548126	2025-02-23	Be bold. Be fearless. You are uniquely made with a purpose. Do not let anyone dim your light. You are MAGIK. Dumbledore out Feb 28. - ❤️‍🔥Jag, a loyal servant of the Realm ⚔️ created by Jagwar Twin with Jagwar Twin’s dumbledore - DARK ARTS VERSION
7473997872287993118	2025-02-21	Replying to @nicole🖤⁷ It is important to fight and fight again, and keep fighting, for only then can evil be kept at bay though never quite eradicated.⚔️ created by Jagwar Twin with Jagwar Twin’s dumbledore - DARK ARTS VERSION
7473593266886266143	2025-02-20	Got my mouth full of moonstones. My leo moon says hi. 🌙🧙🏻‍♂️🏰 created by Jagwar Twin with Jagwar Twin’s dumbledore - DARK ARTS VERSION
7473200424925793578	2025-02-19	Never too OTT. Bring down the lightning mfkkinnngg Zuess  ⚡️🧙🏻‍♂️ created by Jagwar Twin with Jagwar Twin’s dumbledore - DARK ARTS VERSION
7472909089337527583	2025-02-18	Dude. AI is rad. 🪄 Which wizard did you get? 🧙🏼‍♂️ created by Jagwar Twin with Jagwar Twin’s dumbledore - DARK ARTS VERSION
7472513987939274014	2025-02-17	Got out the grave, I'm on a wave 👑💀 created by Jagwar Twin with Jagwar Twin’s dumbledore - DARK ARTS VERSION
7471854405659135263	2025-02-16	2025 is the year of the wood dragon created by Jagwar Twin with Jagwar Twin’s dumbledore - DARK ARTS VERSION
7471500950037908778	2025-02-15	"There is nothing more to controlling demons than to do good and fear nothing." ~ Eliphas Levi, a loyal servant of The Realm ⚔️ created by Jagwar Twin with Jagwar Twin’s dumbledore - DARK ARTS VERSION
7471011127598632222	2025-02-13	“If you wish to get out of prison, the first thing you must do is realize that you are in prison. If you think you are free, you can’t escape.” — Gurdjieff aka GO DUMB  Dumbledore comes out on 2/28 🧙🏻‍♂️ created by Jagwar Twin with Jagwar Twin’s dumbledore - DARK ARTS VERSION
7470625961919221022	2025-02-12	Who's coming to the Ren Rave? ⚔️🧚🧙🏻‍♂️  created by Jagwar Twin with Jagwar Twin’s dumbledore - DARK ARTS VERSION
7470276794344607018	2025-02-11	Replying to @Pam Swore an oath to protect the Realm ⚔️ created by Jagwar Twin with Jagwar Twin’s dumbledore - DARK ARTS VERSION
7469911577404247327	2025-02-10	Replying to @TypicalTabbyCat After many battles… the “problematic” dumbledore comes out FEB 28th. Loyal servants of the Realm unite ⚔️- El Jag 🐆🧙🏼‍♂️ created by Jagwar Twin with Jagwar Twin’s dumbledore - DARK ARTS VERSION
7469616357978541342	2025-02-10	As the OG wizard said, "Words are, in my not-so-humble opinion, our most inexhaustible source of magic. Capable of both inflicting injury, and remedying it." - dumbledore, a loyal Servant of the Realm 🧙🏻‍♂️ created by Jagwar Twin with Jagwar Twin’s dumbledore - DARK ARTS VERSION
7469230916666199327	2025-02-09	"While we may come from different places and speak in different tongues, our hearts beat as one" - dumbledore, a loyal servant of The Realm 🧙🏻‍♂️ created by Jagwar Twin with Jagwar Twin’s dumbledore - DARK ARTS VERSION
7468733201859628319	2025-02-07	DJ bout to set the club off when he drops dumbledore at the ren faire created by Jagwar Twin with Jagwar Twin’s dumbledore - DARK ARTS VERSION
7468367754110700831	2025-02-06	Ephesians 6:11 ⚔️ created by Jagwar Twin with Jagwar Twin’s dumbledore - DARK ARTS VERSION
7468019142159764767	2025-02-05	Replying to @anywayz777 Where my wizards at?🧙🏼‍♂️  created by Jagwar Twin with Jagwar Twin’s dumbledore - DARK ARTS VERSION
7461761347877915934	2025-01-19	Dumblecore on tiktok  #jagwartwin #dumbledore #harrypotter #newmusic  created by Jagwar Twin with Jagwar Twin’s dumbledore - DARK ARTS VERSION
7460214255296515370	2025-01-15	Went to the middle of the desert in Abu Dhabi with some friends, made a bonfire and sang The Circle under the stars  #jagwartwin #thecircle  created by Jagwar Twin with Jagwar Twin’s The Circle (0)
7459919481553292574	2025-01-14	Happy Face 🫠 LIVE at VEVO  #jagwartwin #jagwartwinhappyface  created by Jagwar Twin with Jagwar Twin’s Happy Face
7459465812244483358	2025-01-13	Pizza was a good choice on the day I made my Spotify wrapped message. Idk today.  #spotifywrapped #jagwartwin  created by Jagwar Twin with Jagwar Twin’s dumbledore - DARK ARTS VERSION
7458376045721308459	2025-01-10	Fuvk you malfoy  created by Jagwar Twin with Jagwar Twin’s dumbledore - DARK ARTS VERSION
7458041710967393579	2025-01-09	Opening with mythology  created by Jagwar Twin with Jagwar Twin’s The Circle (0)
7456923147388914975	2025-01-06	Sleeping Beauty got codes  created by Jagwar Twin with Jagwar Twin’s dumbledore - DARK ARTS VERSION
7455793648282651947	2025-01-03	100 M streams later  #badfeeling #oompaloompa  created by Jagwar Twin with Jagwar Twin’s Bad Feeling (Oompa Loompa)
7454738095498464543	2025-01-01	2024… infinity ♾️ you changed my life. Thank you for all the gifts. Thank you to every single one of you who came to see a show and left a kind word. This community is growing and it’s so beautiful to watch it blossom and to see all of you bright lights in the world. Thank you thank you thank you. My heart is overflowing with love and gratitude. 2025 will be amazing. 🤍- Jag, a loyal servant of the realm  created by Jagwar Twin with Jagwar Twin’s original sound
7454270902608366879	2024-12-30	My record label won’t let me release Dumbledore but they can’t stop me from playing it live! They say the song is “problematic” 😂 🧙🏼‍♂️ created by Jagwar Twin with Jagwar Twin’s dumbledore - DARK ARTS VERSION
7453170873009294635	2024-12-27	Shoutout to your mom. Moms are the best. My mom got me yellow chicken shoes for Christmas and she said don’t be a 🐓. Good advice mom 😂 created by Jagwar Twin with Jagwar Twin’s Bad Feeling (Oompa Loompa)
7451648658522656043	2024-12-23	Life Is Good LIVE in Dubai  @angelbaby #jagwartwin #lifeisgood  created by Jagwar Twin with angelbaby & Jagwar Twin’s life is good
7450616951132507438	2024-12-20	I’ve never been compared to R. Kelly but there’s a first time for everything. created by Jagwar Twin with Jagwar Twin’s Bad Feeling (Oompa Loompa)
7450339533993889055	2024-12-20	Happy Face LIVE in Dubai  #happyface #jagwartwin  created by Jagwar Twin with Jagwar Twin’s Happy Face
7449502711415967007	2024-12-17	Finished off an incredible year with one last magical show in Dubai. Thank you   created by Jagwar Twin with Jagwar Twin’s dumbledore - DARK ARTS VERSION
7448030715242925342	2024-12-13	Dubai likes to party  created by Jagwar Twin with Jagwar Twin’s Bad Feeling (Oompa Loompa)
7445445225063009567	2024-12-06	1st night in Abu dabi created by Jagwar Twin with Jagwar Twin’s Bad Feeling (Oompa Loompa)
7444997473581501742	2024-12-05	Tuba magic shit. Boop.  created by Jagwar Twin with Jagwar Twin’s Bad Feeling (Oompa Loompa)
7444260596289195295	2024-12-03	EVERYTHING is possible #badfeeling #badfeelingjt #oompaloompa #wonka  created by Jagwar Twin with Jagwar Twin’s Bad Feeling (Oompa Loompa)
7443908048772500766	2024-12-02	smoked em  @Alesso @OMNIA Nightclub @Caesars Rewards  created by Jagwar Twin with Alesso’s Cool
7442052999725272366	2024-11-27	Panda 🧙🏼‍♂️ created by Jagwar Twin with Jagwar Twin’s dumbledore - DARK ARTS VERSION
7441665829994892586	2024-11-26	More shows in 2025  @angelbaby @Big Loud Rock  created by Jagwar Twin with angelbaby & Jagwar Twin’s life is good
7441313808984870190	2024-11-25	Dumblecore core 🧙🏻‍♂️ created by Jagwar Twin with Jagwar Twin’s dumbledore - DARK ARTS VERSION
7440179973366943022	2024-11-22	Reading up on cuz  created by Jagwar Twin with Jagwar Twin’s dumbledore - DARK ARTS VERSION
7439821709038898474	2024-11-21	Druid shit @Benny Reiner  created by Jagwar Twin with Jagwar Twin’s dumbledore - DARK ARTS VERSION
7439430686349495598	2024-11-20	🧙🏼‍♂️📈bull run  created by Jagwar Twin with Jagwar Twin’s dumbledore - DARK ARTS VERSION
7439196589014519086	2024-11-20	Bard shit 🪈 created by Jagwar Twin with Jagwar Twin’s dumbledore - DARK ARTS VERSION
7438679118301908266	2024-11-18	🧙🏻‍♂️ created by Jagwar Twin with Jagwar Twin’s dumbledore - DARK ARTS VERSION
7437206794126118190	2024-11-14	Dumblecore  created by Jagwar Twin with Jagwar Twin’s dumbledore - DARK ARTS VERSION
7429807518576315694	2024-10-25	6 days to Halloween, don’t forget to put on happy face 🫠 #jagwartwin #happyface  created by Jagwar Twin with Jagwar Twin’s Happy Face
7429430309118217518	2024-10-24	Bruh  created by Jagwar Twin with Jagwar Twin’s The Watchers
7428299682910260526	2024-10-21	If Prof. Snape wrote a verse  #jagwartwin #thewatchers  created by Jagwar Twin with Jagwar Twin’s The Watchers
7426879644214775083	2024-10-17	new engagement rate is very high 📈 #jagwartwin #thewatchers #flipphone  created by Jagwar Twin with Jagwar Twin’s The Watchers
7425022178980023598	2024-10-12	Only around Jagwar Twin would this happen 😂  #comiccon #comicconla #somebodyswatchingme #thewatchers #jagwartwin  created by Jagwar Twin with Jagwar Twin’s The Watchers
7424559706095799598	2024-10-11	Replying to @victoriaqueen065 what the sigma?  #jagwartwin #thewatchers #somebodyswatchingme #xzybca #newmusic  created by Jagwar Twin with Jagwar Twin’s original sound
7424210903907847470	2024-10-10	Alexa and Siri are always watching 👀 #jagwartwin #thewatchers  created by Jagwar Twin with Jagwar Twin’s The Watchers
7423478483709463854	2024-10-08	Replying to @✮⋆˙ gabrielle ✮⋆˙ I wanted to caption this “let me Sigma new song to you” but Jag laughed and said this is terrible. Post it. So here you go - MM  #somebodyswatchingme #jagwartwin #xzybca #michaeljackson #32daysofhalloween  created by Jagwar Twin with Jagwar Twin’s The Watchers
7422350914507345194	2024-10-05	“The Watchers” is out now  #goretober #goretober2024 #32daysofhalloween #michaeljackson #somebodyswatchingme #jagwartwin  created by Jagwar Twin with Jagwar Twin’s The Watchers
7419394865114434859	2024-09-27	Replying to @Chalametnator lore shadowing  #somebodyswatchingme #jagwartwin  created by Jagwar Twin with Jagwar Twin’s The Watchers
7419006270797122858	2024-09-26	Where you at? 🧝🏼‍♀️ #thewatchers #jagwartwin  created by Jagwar Twin with Jagwar Twin’s original sound
7417905979863420203	2024-09-23	Who are The Watchers? #jagwartwin #thewatchers  created by Jagwar Twin with Jagwar Twin’s The Watchers
7417209245692710190	2024-09-21	Me now tho 🍎 created by Jagwar Twin with Jagwar Twin’s The Watchers
7416802947826240810	2024-09-20	Replying to @Katerina_babouna. Jagwar says “k” #thewatchers #somebodyswatchingme  created by Jagwar Twin with Jagwar Twin’s The Watchers
7415667107494399274	2024-09-17	Nobody’s watching me  created by Jagwar Twin with Rockwell’s Somebody's Watching Me - Single Version
7405307550695968043	2024-08-20	Happy Face (LIVE at the O2 in London)  Full Vid on YT  #jagwartwin #happyface  created by Jagwar Twin with Jagwar Twin’s Happy Face
7403771992647716139	2024-08-16	Soul is a Star (LIVE at the O2 in London) #jagwartwin #soulisastar  created by Jagwar Twin with Jagwar Twin’s Soul Is A Star
7402364092305968426	2024-08-12	Happy Face (LIVE at @Vevo) created by Jagwar Twin with Jagwar Twin’s Happy Face
7400066398308846890	2024-08-06	Bad Feeling (LIVE PERFORMANCE) @Vevo  created by Jagwar Twin with Jagwar Twin’s original sound
7397897539204255019	2024-07-31	💀noooo created by Jagwar Twin with Jagwar Twin & lovelytheband’s tomorrow [ANGLE OF ETERNITY]
7395690903521774890	2024-07-25	Last night on Mars. Thank you for having me on your planet for the last couple months. I made friends and memories I will never forget. Love you guys @jaredleto @Shannon leto @Thirty Seconds to Mars  created by Jagwar Twin with Thirty Seconds To Mars’s The Kill
7395249859156118826	2024-07-24	TOUR VLOG w/ Thirty Seconds to Mars: pt 1 #jagwartwin #thirtysecondstomars #tourvlog #vlog #ontour  created by Jagwar Twin with Jagwar Twin’s original sound
7393050529825508654	2024-07-18	Hit the road Jag  created by Jagwar Twin with Jagwar Twin’s original sound
7392304528265186602	2024-07-16	#duet with ▶︎@𝒆𝒎𝒊𝒍𝒚 My cute lil stach I’ve been growing  created by Jagwar Twin with Jagwar Twin’s original sound
7390831011992489258	2024-07-12	Replying to @ʲᵒʸ ʳⁱʰᵃⁿⁿᵃ it’s out now!  #jagwartwin #lovelytheband #angleofeternity #newmusic  created by Jagwar Twin with Jagwar Twin’s original sound
7390198261530791211	2024-07-11	Do you remember? ANGLE OF ETERNITY comes out tomorrow 📐♾️ @lovelytheband  #newmusic #jagwartwin  created by Jagwar Twin with Jagwar Twin’s original sound
7389397557278952746	2024-07-08	Making a few guest appearances on Mars. If you’re in the Midwest I love you and I’ll see you there! @Thirty Seconds to Mars  🐆🌍🐆  #seasonsworldtour2024 #ontour #jagwartwin  created by Jagwar Twin with Jagwar Twin’s Bad Feeling (Oompa Loompa)
7388742227222170923	2024-07-07	Are you boy or girl? @lovelytheband #jagwartwin  created by Jagwar Twin with Jagwar Twin’s original sound
7386714671652490542	2024-07-01	I AM I AM I AM  @lovelytheband  created by Jagwar Twin with Jagwar Twin & lovelytheband’s tomorrow [ANGLE OF ETERNITY]
7385963763549080874	2024-06-29	Jagwartheband or lovelytwin? #jagwartwin @lovelytheband  created by Jagwar Twin with Jagwar Twin & lovelytheband’s tomorrow [ANGLE OF ETERNITY]
7385647394391641387	2024-06-28	Replying to @benieandthejets1 It’s gunna be lovely 💋 created by Jagwar Twin with Jagwar Twin & lovelytheband’s tomorrow [ANGLE OF ETERNITY]
7385431082738453806	2024-06-28	Me happy  #jagwartwin #haopyface #ontour  created by Jagwar Twin with Jagwar Twin’s Happy Face
7384863175612632362	2024-06-26	Bad Feeling (LIVE at The Masonic Lodge at Hollywood Forever)  #jagwartwin #badfeeling #oompaloompa #live  created by Jagwar Twin with Jagwar Twin’s Bad Feeling (Oompa Loompa)
7384455982522404138	2024-06-25	Did a private show in LA at a cemetery for a few of my favorite lil Jagwar Oompa Loompas. This night was so much fun.  I had no idea that after this show I would be going on tour and playing in arenas. Everything leads you somewhere. And I’m so grateful I get to do this. Ful video out now  #jagwartwin #badfeeling #oompaloompa #live  created by Jagwar Twin with Jagwar Twin’s original sound
7383058818898365738	2024-06-21	Everything comes around ⭕️🤍 Don’t give up  #jagwartwin #thirtysecondstomars #seasonsworldtour2024 #ontour  created by Jagwar Twin with Jagwar Twin’s It's Your Time
7382709907042094378	2024-06-20	Balloon Boy  #thirtysecondstomars #jagwartwin #ontour  created by Jagwar Twin with angelbaby & Jagwar Twin’s life is good
7382363358827138346	2024-06-19	I like to think I’m more Venusian, but it was great being on Mars for awhile  #thirtysecondstomars #seasonsworldtour2024 #jagwartwin @Thirty Seconds to Mars @jaredleto  created by Jagwar Twin with Jagwar Twin’s original sound
7382334709646249262	2024-06-19	Life is Good… in Brussels fr 🇧🇪 #jagwartwin #lifeisgood #ontour @angelbaby  created by Jagwar Twin with angelbaby & Jagwar Twin’s life is good
7380210630655069483	2024-06-14	Replying to @카게야마 This will have to do until I come to Japan… 🇯🇵  #cover #jagwartwin #wonderwall #ontour  created by Jagwar Twin with Jagwar Twin’s original sound
7379684446389177643	2024-06-12	I am my favorite person to hangout with ☁️🧠✨ created by Jagwar Twin with 𝐈𝐯𝐚́𝐧 𝐑𝐌𝐮𝐬𝐢𝐜 🎧’s sonido original
7379276547955363115	2024-06-11	Replying to @Prim June 4th 2024 #jagwartwin #happyface #ontour  created by Jagwar Twin with Jagwar Twin’s original sound
7378966688089345326	2024-06-10	My first concert was @98°  #jagwartwin #badfeeling #oompaloompa #ontour  created by Jagwar Twin with Jagwar Twin’s original sound
7377041961758281003	2024-06-05	So this happened in Zurich and then I jumped in a frozen lake  @Thirty Seconds to Mars #thirtysecondstomars #jagwartwin #ontour #seasonsworldtour2024  created by Jagwar Twin with Thirty Seconds To Mars’s The Kill
7376443186102701355	2024-06-04	Took a walk down the street to get a panini and made some friends 🤍🇮🇹 created by Jagwar Twin with Jagwar Twin’s original sound
7376343048940309803	2024-06-03	On my inner peace shit at the airport created by Jagwar Twin with Jagwar Twin’s The Circle (0)
7370844681577549099	2024-05-19	I used to have nightmares about this very scenario  #jagwartwin #badfeeling #badfeelingjt #oompaloompa #ontour  created by Jagwar Twin with Jagwar Twin’s Bad Feeling (Oompa Loompa)
7370380300993727790	2024-05-18	This is how a T becomes a crop top  created by Jagwar Twin with Jagwar Twin’s original sound
7370083543373876526	2024-05-17	They say don’t judge a book by its cover but… created by Jagwar Twin with mariyah✮’s of course im crazy
7369628782157630763	2024-05-16	Briana Cuoco and I trying to figure out who’s job is harder in this clip from The Mirror Sessions. 🪞 #brianacuoco #deadboydetectives  #jennythebutcher #acting  created by Jagwar Twin with summerchild’s Espresso Sped Up
7369250798699679022	2024-05-15	New episode of ‘The Mirror Sessions’ featuring #brianacuoco is out now! 🪞 Full vid on YT  #deadboydetectives #jennygreen #jennythebutcher #jagwartwin created by Jagwar Twin with Jagwar Twin’s original sound
7368902888954858795	2024-05-14	Berlin, you are some crazy Oompa Loompas  #jagwartwin #badfeeling #oompaloompa  created by Jagwar Twin with Jagwar Twin’s Bad Feeling (Oompa Loompa)
7368531864769826091	2024-05-13	went hard AF in Slovakia  #ontour #jagwartwin #thirtysecondstomars #lifeisgood  created by Jagwar Twin with angelbaby & Jagwar Twin’s life is good
7367875969220365614	2024-05-11	Trust yourself and dreams come true  #badfeeling #ontour #jagwartwin #thirtysecondstomars  created by Jagwar Twin with Jagwar Twin’s Bad Feeling (Oompa Loompa)
7367807653134781739	2024-05-11	still trying to figure out why bro asked me if I was a dog person… @iHeartRadio @z100newyork @Audacy @bigloudrock  created by Jagwar Twin with Jagwar Twin’s Bad Feeling (Oompa Loompa)
7366721208408132906	2024-05-08	Am I dreaming?  #ontour  created by Jagwar Twin with Jagwar Twin’s Bad Feeling (Oompa Loompa)
7366329459437243691	2024-05-07	Holllywood on your timeline  created by Jagwar Twin with Jagwar Twin’s Happy Face
7365681695380770094	2024-05-06	Why does everybodybthink Geminis are crazy? @Bru #jagwartwin #gemini  created by Jagwar Twin with Jagwar Twin’s Bad Feeling (Oompa Loompa)
7364883744383159598	2024-05-03	Replying to @hachi め Who wants to bake a cake? created by Jagwar Twin with Jagwar Twin’s Bad Feeling (Oompa Loompa)
7364485520967191851	2024-05-02	Are we in a loop?  created by Jagwar Twin with Jagwar Twin’s Bad Feeling (Oompa Loompa)
7363686459397934382	2024-04-30	Follow me tho  #jagwartwin #relateable #influencer  created by Jagwar Twin with Jagwar Twin’s I Like to Party
7361944459090791726	2024-04-25	Birds arent real  created by Jagwar Twin with Artemas’s i like the way you kiss me
7361540207528791338	2024-04-24	God has such crazy timing 😂⏲️⚡️ @Bru #audacy #bruontheradio #badfeeling #jagwartwin  created by Jagwar Twin with Jagwar Twin’s original sound
7361191963296681258	2024-04-23	No bad feelings today. THANK YOU created by Jagwar Twin with Jagwar Twin’s original sound
7360797868363451691	2024-04-22	Jagwars be eating 🤝 @Mark Cuban @Barbara Corcoran @Daymond John @Mr. Wonderful @Lori Greiner  created by Jagwar Twin with tiktokcontent’s original sound
7359296091122175274	2024-04-18	Replying to @TabbyCat  I see it, except I dont randomly fall asleep 😴  #jagwartwin #badfeeling #onepiece #ace #whitebeardpirates  created by Jagwar Twin with Jagwar Twin’s Bad Feeling (Oompa Loompa)
7354478253391826222	2024-04-05	Replying to @l_m_n_junior here you go  #jagwartwin #badfeeling #oompaloompa #acoustic  created by Jagwar Twin with Jagwar Twin’s original sound
7354087675936165162	2024-04-04	I love you lil Jagwars so much  created by Jagwar Twin with Jagwar Twin’s original sound
7353656467255250222	2024-04-03	Bad Feeling (Oompa Loompa) (Live Acoustic) video is out now  I had the idea to give my Jagwars an intimate candlelight performance in LA and I wanted it to be in a cave. So with the help of my favorite art gallery, LAUREN POWELL PROJECTS, we built a cave. I brought in a real grass floor, painted moths along the walls and built a huge glowing moon cocoon sculpture. This was such a magical night. Thank you from the bottom of my heart to everyone who came and sang their heart out with me. For everyone who couldn’t be there, we Ryan and Michael filmed it. Here you go. 🤍🐆 - Roy  created by Jagwar Twin with Jagwar Twin’s original sound
7348983845888232747	2024-03-22	007 or Michael Jackson? #jagwartwin #badfeeling #oompaloompa  created by Jagwar Twin with Jagwar Twin’s Bad Feeling (Oompa Loompa)
7346665087891033387	2024-03-15	I feel pretty good today created by Jagwar Twin with Jagwar Twin’s Bad Feeling (Oompa Loompa)
7345566777750900010	2024-03-12	Replying to @Em19 Idk dude  #jagwartwin #badfeeling #oompaloompa #badfeelingjt  created by Jagwar Twin with Jagwar Twin’s Bad Feeling (Oompa Loompa)
7345178558987373870	2024-03-11	Decoding the cryptic symbolism of my dreams nightly  #jagwartwin #badfeeling #oompaloompa #decodingdreams  created by Jagwar Twin with Jagwar Twin’s Bad Feeling (Oompa Loompa)
7343668628895730990	2024-03-07	Bad Feeling vid out now  created by Jagwar Twin with Jagwar Twin’s Bad Feeling (Oompa Loompa)
7343344490599419178	2024-03-06	Replying to @KERISHA ✪ tomorrow  created by Jagwar Twin with Jagwar Twin’s Bad Feeling (Oompa Loompa)
7338487957407419690	2024-02-22	The illusion of two choices  #jagwartwin #badfeeling #oompaloompa #goodtime108 #thisorthat  created by Jagwar Twin with Jagwar Twin’s Bad Feeling (Oompa Loompa)
7336297162755673387	2024-02-16	Jagwar Twin came to Columbus Ohio and @joshua dun from TOP surprised us and diddled his drums on Happy FaCe. I 🤍 Ohio. #jagwartwin #happyface #twentyonepilots  created by Jagwar Twin with Jagwar Twin’s Happy Face
7334782955845455150	2024-02-12	Ok Doomer!  #jagwartwin #badfeeling #oompaloompa  created by Jagwar Twin with Jagwar Twin’s Bad Feeling (Oompa Loompa)
7333295019056581931	2024-02-08	Life is beautiful. Don’t know what the future has in store but we’re all still here after 2020.  #jagwartwin #badfeeling #oompaloompa #2020vs2024 #conspiracytiktok  created by Jagwar Twin with Jagwar Twin’s Bad Feeling (Oompa Loompa)
7332581633343622443	2024-02-06	Replying to @💯🥷Luckyduck🥷💯 three weeks is a long time but also is a short time #jagwartwin #badfeeling #oompaloompa  created by Jagwar Twin with Jagwar Twin’s Bad Feeling (Oompa Loompa)
7332252689364962606	2024-02-05	#duet with ▶️@Max Grabel I slept 3 hours, my brain is fried  created by Jagwar Twin with Jagwar Twin’s Bad Feeling (Oompa Loompa)
7330355220251217198	2024-01-31	Replying to @❄️𝓩𝓪𝓷𝓽𝓪𝓲𝓷❄️ I’m mad and I’m sad  #jagwartwin #lifeisgood #badfeeling #oompaloompa #newmusic  created by Jagwar Twin with angelbaby & Jagwar Twin’s life is good
7329983011590556970	2024-01-30	I could always start a fight by making the other person start a fight #jagwartwin #badfeeling #oompaloompa #siblings #relatable  created by Jagwar Twin with Jagwar Twin’s Bad Feeling (Oompa Loompa)
7328143090823253294	2024-01-25	Replying to @nikita54mor actually I have two  #jagwartwin #happyface #badfeeling #oompaloompa  created by Jagwar Twin with Jagwar Twin’s Happy Face
7327736031732813102	2024-01-24	 created by Jagwar Twin with Jagwar Twin’s Bad Feeling (Oompa Loompa)
7327386226938432811	2024-01-23	Who likes to party? 🍰 #jagwartwin #badfeeling #oompaloompa #badfeelingjt #iliketoparty #thisorthat  created by Jagwar Twin with Jagwar Twin’s Bad Feeling (Oompa Loompa)
7325159007071554862	2024-01-17	Replying to @Bam Bam! You mean this part? #jagwartwin #badfeeling #badgeelingjt #oompaloompa  created by Jagwar Twin with Jagwar Twin’s Bad Feeling (Oompa Loompa)
7324779127251340590	2024-01-16	Replying to @XxW3!RD0xX today’s a good day  #jagwartwin #badfeeling #badfeelingjt #oompaloompa #wonkamovie #willywonka  created by Jagwar Twin with Jagwar Twin’s Bad Feeling (Oompa Loompa)
7324051318400765226	2024-01-14	We need more accordions on the airwaves  #jagwartwin #badfeelingjt #oompaloompa #greattimetobehuman #thisorthat  created by Jagwar Twin with Jagwar Twin’s Bad Feeling (Oompa Loompa)
7323286662245551403	2024-01-12	Replying to @💜T💜 when the moon hits the sky   Watch the full lyric vid for ‘Bad Feeling (Oompa Loompa)’ on YT  #jagwartwin #badfeelingjt #oompaloompa #badfeeling #newmusic #wonkamovie  created by Jagwar Twin with Jagwar Twin’s Bad Feeling (Oompa Loompa)
7322916368234319147	2024-01-11	When everyone else is crazy 🚩 #jagwartwin #badfeelingjt #badfeeling #igotabadfeelingaboutyou #oompaloompa #wonkamovie #timotheechalamet  created by Jagwar Twin with Jagwar Twin’s Bad Feeling (Oompa Loompa)
7322548561915235626	2024-01-10	This is the Slavic, oompa, circus music my Polish, German, Russian ancestors told me to make. They love accordion 🪗. At first I was skeptical. But it does kinda go hard. Which one is your favorite?  #jagwartwin #badfeelingjt #oompaloompa #happyface #thisorthat #wonka #timothychalamet #timotheechalamet  created by Jagwar Twin with Jagwar Twin’s Bad Feeling (Oompa Loompa)
7322156834838678826	2024-01-09	Something is The Matter 🧿 #jagwartwin #badfeelingjt #oompaloompa #badfeeling  created by Jagwar Twin with Jagwar Twin’s Bad Feeling (Oompa Loompa)
7321801303611542827	2024-01-08	I’m just gonna scooch in right here if you dont mind 😏 #jagwartwin #badfeelingjt #oompaloompa #wonka #wonkamovie #timoteechalamet #timotheychalamet  created by Jagwar Twin with Jagwar Twin’s Bad Feeling (Oompa Loompa)
7321464408146873646	2024-01-07	Replying to @diamond1 - MXES’ #1 fan ⟡ 🍉 fan ⟡ 🍉 wake up Neo…  #jagwartwin #badfeelingjt #oompaloompa #wonkamovie #timotheechalamet #timothychalamet  created by Jagwar Twin with Jagwar Twin’s Bad Feeling (Oompa Loompa)
7321094845228010795	2024-01-06	#stitch with ▶️ @Hannnah Henson When the world tells you to Oompa, don’t be afraid to Loompa.  #jagwartwin #badfeeling #badfeelingjt #oompaloompa #wonkamovie #wonka #timotheechalamet #timothychalamet  created by Jagwar Twin with Jagwar Twin’s Bad Feeling (Oompa Loompa)
7320708097192840491	2024-01-05	Replying to @jinx lvr Had a bad feeling. Went to vegas. Lost moneys 💀 #jagwartwin #oompaloompa #badfeelingjt #wonkamovie  created by Jagwar Twin with Jagwar Twin’s Bad Feeling (Oompa Loompa)
7320339278670744874	2024-01-04	‘Bad Feeling (Oompa Loompa)’ open verse challenge  #jagwartwin #badfeelingjt #oompaloompa #openversechallenge #wonkamovie #timotheechalamet  created by Jagwar Twin with Jagwar Twin’s Bad Feeling (Oompa Loompa)
7319964574239821098	2024-01-03	Replying to @H0l_Up 💀 #jagwartwin #badfeelingjt #oompaloompa #wonkamovie  created by Jagwar Twin with Jagwar Twin’s Bad Feeling (Oompa Loompa)
7319644659695881514	2024-01-02	#stitch with ▶️ @Deep Roy Hey deep Roy, I’m shallow Roy #jagwartwin #badfeelingjt #oompaloompa #wonka #wonkamovie  created by Jagwar Twin with Jagwar Twin’s Bad Feeling (Oompa Loompa)
7319199297772326186	2024-01-01	Anyone else believe in dog telepathy?  #jagwartwin #badfeelingjt #oompaloompa #wonka #timotheechalamet #timothychalamet  created by Jagwar Twin with Jagwar Twin’s Bad Feeling (Oompa Loompa)
7318815421207989547	2023-12-31	#stitch with ▶️ @Saturday Night Live - SNL 2024 shameless cringe 🌈🐆🎪  #jagwartwin #timotheechalamet #badfeelingjt #oompaloompa #timothychalamet #wonkamovie #snl  created by Jagwar Twin with Jagwar Twin’s Bad Feeling (Oompa Loompa)
7318466077627944238	2023-12-30	It was worth a shot 🤷🏼 #jagwartwin #oompaloompa #badfeeling #badfeelingjt #timothychalamet #timotheechalamet #wonka #wonkamovie created by Jagwar Twin with Jagwar Twin’s Bad Feeling (Oompa Loompa)
7318086067255725358	2023-12-29	#stitch I can’t be the only one thinking it…  #jagwartwin #oompaloompa #badfeelingjt #timothychalamet #timotheechalamet #wonka #wonkamovie2023  created by Jagwar Twin with Jagwar Twin’s Bad Feeling (Oompa Loompa)
7317734843322862890	2023-12-28	Replying to @Minion Cum When they don’t like Jagwar Twin #jagwartwin #oompaloompa #badfeelingjt #timotheechalamet #wonka #wonkamovie  created by Jagwar Twin with Jagwar Twin’s Bad Feeling (Oompa Loompa)
7317326464792284459	2023-12-27	Replying to @talyacohen17 it is a very good part 🐑 #jagwartwin #badfeeling #oompaloompa #wonkatiktok #badfeelingjt  created by Jagwar Twin with Jagwar Twin’s Bad Feeling (Oompa Loompa)
7317023111369461035	2023-12-26	Might go back  #jagwartwin #badfeeling #oompaloompa #wonkatiktok #wonka #badfeelingjt  created by Jagwar Twin with Jagwar Twin’s Bad Feeling (Oompa Loompa)
7316270631304154411	2023-12-24	#stitch with ▶️ @WonkaMovie Doompa dee dump  #jagwartwin #badfeeling #oompaloompa #wonka #wonkatiktok  created by Jagwar Twin with Jagwar Twin’s Bad Feeling (Oompa Loompa)
7315924045277580586	2023-12-23	Replying to @bjg5 should we get @Timothée Chalamet on the remix?  #jagwartwin #badfeeling #oompaloompa #wonka #wonkatiktok #timoteechalamet  created by Jagwar Twin with Jagwar Twin’s Bad Feeling (Oompa Loompa)
7315581122027490602	2023-12-23	I’m Christmas shopping rn  created by Jagwar Twin with Jagwar Twin’s Bad Feeling (Oompa Loompa)
7315498744349232426	2023-12-22	Wonka flip ♻️ #jagwartwin #wonka #wonkatiktok #oompaloompa #badfeelingjt  created by Jagwar Twin with Jagwar Twin’s Bad Feeling (Oompa Loompa)
7315185698875641130	2023-12-21	Why is my brain like this?  #badfeelingjt #oompaloompa #jagwartwin #wonka #wonkamovie. #wonkaedit  created by Jagwar Twin with Jagwar Twin’s Bad Feeling (Oompa Loompa)
7315106383995751722	2023-12-21	Replying to @ｉｎｋｙ I am him 🫠 #jagwartwin #wonkatiktok #wonka #badfeelingjt #oompaloompa #happyface  created by Jagwar Twin with Jagwar Twin’s Bad Feeling (Oompa Loompa)
7314840863400578347	2023-12-21	#duet with @marcos ☂️ i am oompa loompaD  #wonka #jagwartwin #badfeeling #oompaloompa #oompaloompatiktok  created by Jagwar Twin with Jagwar Twin’s Bad Feeling (Oompa Loompa)
7314747001818598702	2023-12-20	#stitch with ▶️ @WonkaMovie both versions are 🔥 though  #jagwartwin #wonkatiktok #wonka #oompaloompa #badfeelingjt #timotheechalamet  created by Jagwar Twin with Jagwar Twin’s Bad Feeling (Oompa Loompa)
7314378965349666094	2023-12-19	I dressed like an Oompa Loompa and tried to eat the entire @WonkaMovie menu from @IHOP  #wonka #wonkatiktok #ihop #oompaloompa #jagwartwin #badfeeling  created by Jagwar Twin with Jagwar Twin’s Bad Feeling (Oompa Loompa)
7314108605584739626	2023-12-19	Replying to @The Only For You Page 💕 I dunno dude  #jagwartwin #badfeeling #oompaloompa #wonkatiktok #wonka #willywonka  created by Jagwar Twin with Jagwar Twin’s Bad Feeling (Oompa Loompa)
7314034059653483818	2023-12-18	#duet with @The Only For You Page 💕  Caught me  #jagwartwin #oompaloompa #badfeeling #wonka #wonkatiktok #willywonka #wonkamovie  created by Jagwar Twin with Geek Music’s Oompa Loompa (From "Willy Wonka And The Chocolate Factory")
7313332096712428843	2023-12-16	Replying to @Maddie🤘🏼 now pick it up  #jagwartwin #oompaloompa #badfeeling #newmusic  created by Jagwar Twin with Jagwar Twin’s Bad Feeling (Oompa Loompa)
7312974718926064938	2023-12-15	#stitch with @Willow Kayne so grateful for you beautiful hunas. Bad feeling is already the most steams Jagwar Twin has ever had on a first day 🌎🐆 #jagwartwin #badfeeling #oompaloompa #oompaloompatiktok  created by Jagwar Twin with Jagwar Twin’s original sound
7312944394804497706	2023-12-15	“Bad Feeling (Oompa Loompa)” out now  #jagwartwin #oompaloompa #badfeeling  created by Jagwar Twin with Jagwar Twin’s Bad Feeling  (Oompa Loompa) (Sped Up)
7312684640815369515	2023-12-15	Replying to @Alison Brooks okay, I dropped it.  “Bad Feeling (Oompa Loompa)” is out now.  #jagwartwin #newmusic #oompaloompa #badfeeling #badfeelingjt  created by Jagwar Twin with Jagwar Twin’s original sound
7311799330464075050	2023-12-12	Replying to @Ssupp2020 Toot 🎺 #jagwartwin #goodtime108 #acapella  created by Jagwar Twin with Jagwar Twin’s original sound
7310277469641198894	2023-12-08	I got a bad feeling about this one. Part 4 of me illegally leaking my unreleased demos.  #jagwartwin #unreleasedmusic #unreleased #demoleak #badfeeling #willywonka #wonka #oompaloompa  created by Jagwar Twin with Jagwar Twin’s original sound
7309989329651240234	2023-12-07	Let’s come together as a beautiful human race to protect our oceans. I’m petitioning world leaders to create more ocean sanctuaries. You can too. Go to genzeroaction.com to see what actions you can take and earn prizes.  #jagwartwin #genzeroaction #climateaction #saveouroceans  created by Jagwar Twin with Jagwar Twin’s original sound
7309548125457468718	2023-12-06	Where’s the dragon at? #fypシ #jagwartwin #viralvideo #knightinshiningarmor #rage  created by Jagwar Twin with scraizis’s RAGE
7308828336950889774	2023-12-04	Replying to @benieandthejets1 I’m a god 🌈 #jagwartwin #gay #straight #sexuality  created by Jagwar Twin with angelbaby & Jagwar Twin’s life is good
7307685451434052910	2023-12-01	You’re a rainbow 🌈 maybe a double. Part 3 of me illegally releasing my unreleased demos.  #jagwartwin #unreleasedmusic #demoleak #josephandthesevenrays  created by Jagwar Twin with Jagwar Twin’s original sound
7306961779228200235	2023-11-29	Why is speeding stuff up so satisfying? Getting information faster??? Is this a symptom of raising our collective vibration? Light is moving faster  #jagwartwin #goodtime108  #spedup #spedupsounds #spedupversion  created by Jagwar Twin with Jagwar Twin’s original sound
7306631194404326698	2023-11-28	Awareness is the first step 🪜 Watch the full episode of this Mirror Session 🪞 with @Paris Berelc now on YT.  #jagwartwin #themirrorsessions #awakeningsouls #conciousness #concioustiktok #parisberelc  created by Jagwar Twin with angelbaby & Jagwar Twin’s life is good
7306237174188461354	2023-11-27	🚨🫠 In celebration of 'Happy Face' reaching 100 million streams, we're offering a 20% discount on all Happy Face merchandise for the entire week! Visit deathofmygeneration.fun, complete the Happy Face experience, share it, and tag me to be entered into a drawing for a one-on-one Zoom session with me, three winners will be chosen. Let's start the show! #jagwartwin #happyface #jagwartwinhappyface #cybermonday #100millionstreams  created by Jagwar Twin with Jagwar Twin’s Happy Face
7306202726935825706	2023-11-27	This is beyond… god gives us the lessons we need. I needed to learn this difficult lesson of trusting myself, and being willing to fight for something to be in the world because it IS good enough. I’ve always struggled with self doubt, and not feeling understood, and the world around me has reflected that back to me in the form of never quite “making it” in my music career. We live in the matrix. Shifting your internal world shifts the outer. This song will always be a reminder of that to me.  #jagwartwin #happyface #jagwartwinhappyface #inspostories #artistsoftiktok #nevergiveup  created by Jagwar Twin with Jagwar Twin’s Happy Face
7305834572309105963	2023-11-26	Time is relative, like an aunt or an uncle.  Watch the full Mirror Session with @Paris Berelc now on YT. #jagwartwin #themirrorsessions #parisberelc #time #beinghuman  created by Jagwar Twin with Jagwar Twin’s original sound
7303973395719556398	2023-11-21	@Paris Berelc & I discuss what it’s like being a teenager in LA and so much more on the latest episode of “The Mirror Sessions” 🪞 Watch the full episode now on YT #TheMirrorSessions #parisberelc #jagwartwin #disneystars  #childactor #hollywood  created by Jagwar Twin with Jagwar Twin’s Great Time To Be Human
7302552107612179755	2023-11-17	Friday demo drop #1 “Trust Me, I’m a Rockstar” Written with the two maniacs, Brian Dales and Benny Reiner and their giant dogs Joni and Jupiter.   Ill be dropping unreleased demos and unfinished song ideas here every Friday. #jagwartwin #unreleasedmusic #leakedmusic #trustmeimarockstar  created by Jagwar Twin with Jagwar Twin’s Good Time (1:08)
7301348780320771358	2023-11-14	“Great Time To Be Human” Live Acoustic Video is out now.  Watch the full video on YT #jagwartwin #greattimetobehuman #newmusic #acousticcovers #acoustic  created by Jagwar Twin with Jagwar Twin’s Great Time To Be Human
7299551935269588254	2023-11-09	Def Jagwar  #jagwartwin #defleppard #itsyourtime #guitarsolos  created by Jagwar Twin with Jagwar Twin’s It's Your Time
7298807558658149662	2023-11-07	New single “life is good” with @angelbaby is out now!  #jagwartwin #newmusic #angelbaby #lifeisgood  created by Jagwar Twin with Jagwar Twin’s original sound
7296551697420258590	2023-11-01	Replying to @🇮🇱✨ can anyone help them figure out what it says? 🧐 #jagwartwin #goodtime108 #facepainting  created by Jagwar Twin with Jagwar Twin’s Good Time (1:08)
7296252041561771295	2023-10-31	Replying to @Crying bread/Jax Happy Halloween 🎃 #jagwartwin #goodtime108 #halloweenmusic #halloween  created by Jagwar Twin with Jagwar Twin’s original sound
7294310949165468959	2023-10-26	Replying to @Jessica play “Good Time (1:08)” at your halloween party  to have a good time  #goodtime108 #jagwartwin #newmusic #halloweenmusic #spookyseason  created by Jagwar Twin with Jagwar Twin’s original sound
7293202598344051999	2023-10-23	Are we having a Good Time out there? 🐇🏎️🤬 #jagwrtwin #goodtime #goodtime108 #newmusic  created by Jagwar Twin with Jagwar Twin’s Good Time (1:08)
7291428067409415454	2023-10-18	Replying to @Sonia beans and cheese. New live acoustic video is out for “Good Time (1:08)”. Watch it on the other platform that has you in a tube  #jagwartwin #goodtime108 #acoustic #acousticcovers #singer  created by Jagwar Twin with Jagwar Twin’s original sound
7291054705382264095	2023-10-17	Blacksmith went crazy on this one  #jagwartwin #goodtime108  created by Jagwar Twin with Jagwar Twin’s Good Time (1:08)
7290600080267152670	2023-10-16	Replying to @Jessica should I?  #jagwartwin #goodtime108 #singer #acoustic  created by Jagwar Twin with Jagwar Twin’s Good Time (1:08)
7288450307858631967	2023-10-10	The story of “Good Time (1:08)” ft. Drake, BTS, and getting hit by a semi-truck #jagwartwin #goodtime108 #storytime  created by Jagwar Twin with Jagwar Twin’s Good Time (1:08)
7288052903044992287	2023-10-09	Replying to @Tia Griffin Calming songs about road rage are my shit  #jagwartwin #acapella #goodtime108  created by Jagwar Twin with Jagwar Twin’s Good Time (1:08)
7286933332544343342	2023-10-06	Fashion  #jagwartwin #goodtime108  created by Jagwar Twin with Jagwar Twin’s Good Time (1:08)
7285413703774866734	2023-10-02	Sir Lucius said  #jagwartwin #newmusic #goodtime108  created by Jagwar Twin with Jagwar Twin’s Good Time (1:08)
7284784430525189422	2023-10-01	#duet with @Pey🤍 miss sir lucius slay #jagwartwin #goodtime #sirlucius #108 #makeupartist #halloween #halloweenlook  created by Jagwar Twin with Jagwar Twin’s Good Time (1:08)
7284300638631087406	2023-09-29	Shake whats in your pants 👖 My new single “Good Time (1:08)” is  out now. 🔗 in bio  #jagwartwin #newmusic #goodtime108 #newmusicfriday  created by Jagwar Twin with Jagwar Twin’s Good Time (1:08)
7283976562414865707	2023-09-28	My new single “Good Time (1:08)” is out tonight at midnight.  Who wants to have a good time?  #jagwartwin #newmusic #newmusicfriday #acapella #areyouready #jagwartwinhappyface  created by Jagwar Twin with Jagwar Twin’s Good Time (1:08)
7283562730408234283	2023-09-27	I’m not ready  New single “Good Time (1:08)” comes out tomorrow at midnight #jagwartwin #newmusic #newmusicfriday #areyouready  created by Jagwar Twin with Jagwar Twin’s Good Time (1:08)
7280273300410879275	2023-09-18	What you know about bugles? 📯 #jagwartwin #newmusic #inthestudio #goodtime  created by Jagwar Twin with Jagwar Twin’s Great Time To Be Human
7280213906168122670	2023-09-18	Love these words from the Four Agreements by Don Miguel. Don’t take anything personally!  #jagwartwin #donttakeitpersonal #thefouragreements #lifeadvice  created by Jagwar Twin with Jagwar Twin’s Happy Face
7279523866412879150	2023-09-16	#duet with @Mady Vivian🌻 the ocean above the bed is a vibe #losersquad #jagwartwin #loser created by Jagwar Twin with Jagwar Twin’s Loser
7278794995790875947	2023-09-14	New single "Good Time (1:08)". Out on 9.29.23 🐇🏎️🤬 #newmusic #jagwartwin #goodtime  created by Jagwar Twin with Jagwar Twin’s original sound
7278436243468193066	2023-09-13	Whats a memoria? #nirvana #jagwartwin #cover #acoustic  created by Jagwar Twin with Jagwar Twin’s original sound
7277628339731352878	2023-09-11	Are you ready? 🐇🏎️🤬 #newmusic #jagwartwin #jagwartwinhappyface #teaser  created by Jagwar Twin with Jagwar Twin’s Good Time (1:08)
7276265694407298346	2023-09-08	Replying to @benieandthejets1 here you go!  What do you want to hear next?  #jagwartwin #jagwartwinhappyface #acapella #singer  created by Jagwar Twin with Jagwar Twin’s original sound
7276202260969852206	2023-09-07	#stitch with @Zeke Darwin It’s me. Hi. #jagwartwin  created by Jagwar Twin with Jagwar Twin’s original sound
7275394646304443691	2023-09-05	Replying to @Emma <3 its daytime, but the stars are still there 🌌 #jagwartwin #deeptalks #magnets #deepthoughts #happyface #singer #didyouknow #deep  created by Jagwar Twin with Jagwar Twin’s Great Time To Be Human
7274251937279823150	2023-09-02	You never know where the things you create are going to end up. ♻️ This is the story of how I worked on Lana Del Rey’s new song “Say Yes To Heaven”  #jagwartwin #lanadelrey #lanatok #lanadelreystans #lanadelreyedit #sayyestoheaven #songrwriting #inspiration #storytime  created by Jagwar Twin with Lana Del Rey’s Say Yes To Heaven - Sped Up
7273921882439781678	2023-09-01	DNA is crazy 🧬  @almondmilkhunni is on the katest episode of The Mirror Sessions.  Available now on YT  #almondmilkhunni #almondmilkhunniedits #themirrorsessions #jagwartwin #dna #ancestors  created by Jagwar Twin with Jagwar Twin’s The Circle (0)
7273651415392734510	2023-09-01	@almondmilkhunni from the newest episode of The Mirror Sessions🪞 Full video on YT now  #almondmilkhunni #almondmilkhunniedits #themirrorsessions #jagwartwin  created by Jagwar Twin with Adrian’s 7AM - Slowed + Reverb
7273512797311454506	2023-08-31	New episode of The Mirror Sessions with @almondmilkhunni out now 🪞 Full vid on my YT  #jagwartwin #themirrorsessions #almondmilkhunni  #almondmilkhunniedits #childhoodmemories #spiders  created by Jagwar Twin with Jagwar Twin’s The Circle (0)
7272451006452059434	2023-08-28	Replying to @jill  O the O ———— will grow  what do u wanna hear next?  #singer #thecircle #jagwar#jagwarsic #soothing #asmr #songofthesummer #originalsong #jagwartwin #singer  created by Jagwar Twin with Jagwar Twin’s The Circle (0)
7271721338216189226	2023-08-26	Who’s down? #jagwartwin #allmyfriends #marryme  created by Jagwar Twin with Jagwar Twin’s All My Friends
7271409138226203946	2023-08-25	Tattoo tour part 2  #jagwartwin #tattootour #tattoolover #tattootiktok #happyface #joshdun #debbyryan #littleluna #jagwartwinhappyface  created by Jagwar Twin with Jagwar Twin’s Great Time To Be Human
7271329595260013866	2023-08-25	Tattoo tour part 1  #jagwartwin #tattootour #tattootiktok #tattoolover #happyface #calumhood #avrillavigne #musiciansontiktok #jagwartwinhappyface  created by Jagwar Twin with Jagwar Twin’s Great Time To Be Human
7269844336706342190	2023-08-21	Replying to @Rachel! Until then…  #jagwartwin #acousticcovers #singing #musictiktok  created by Jagwar Twin with Jagwar Twin’s original sound
7262032908809145646	2023-07-31	The Circle will grow ⭕️ The Circle (0) - Official Music Video  #singer #musictok #thecircle #newmusic created by Jagwar Twin with Jagwar Twin’s The Circle (0)
7259593708746657067	2023-07-25	I named my hair Liz #dayinmylife #dayinthelife #dailyvlog #jagwartwin  created by Jagwar Twin with Jagwar Twin’s original sound
7258042884685942062	2023-07-20	Shade turned up to 5 5.28 - 6 #dayinthelife #dailyvlog #dayinmylife #jagwartwin  created by Jagwar Twin with Jagwar Twin’s original sound
7256841304112434478	2023-07-17	City of Angels - End/Beginning  34.052235, -118.243683 5.26.23 #dayinthelifevlog #dailyvlog #dayinmylife #dayinthelife #jagwartwin  created by Jagwar Twin with Jagwar Twin’s original sound
7254668591209958699	2023-07-11	Everything on the earth keeps blooming.  Great Time To Be Human Out Now🌈🦋⁉️ #jagwartwin #alternativemusic #newmusic #jagwartwinhappyface #greattimetobehuman #altrock #musictok  created by Jagwar Twin with Jagwar Twin’s original sound
7250543278565641515	2023-06-30	tits  created by Jagwar Twin with Jagwar Twin’s original sound
7240629912984440106	2023-06-04	Woke up in Ohio, made some art, then got some gas and headed out to play a show in Pittsburgh. We were listed as Jagwar Twins. There’s only one Twin. Forever.  #dailyvlog #dayinthelife #dayinmylife #grwm #jagwartwin  created by Jagwar Twin with Jagwar Twin’s original sound
7239913021504523563	2023-06-02	Today I woke up in Ohio and brushed my teeth and read a little bit. Then I hung with Velma and Jim. Then Jim and I found Josh playing drums downstairs. After drums Josh taught me boxing. I think I got it. You hit the other person. Then we got some food and picked up an extra fog machine with a foot switch so I could step on it whenever I wanted. Then we went to the show and Josh played some more drums. After the show I made some tea and then made some more music in the studio and then I went to bed. Columbus is awesome. #dayinthelife #dailyvlog #dayinmylife #jagwartwin  created by Jagwar Twin with Jagwar Twin’s original sound
7239548413497396523	2023-06-01	An oil change, some doughnuts, an ice bath, and a slumber party in Columbus, Ohio with Josh, Debby, Jim, and Velma ❄️🍩 #dailyvlog #adayinthelife #adayinmylife #grwm #jagwartwin  created by Jagwar Twin with Jagwar Twin’s original sound
7237635049447853354	2023-05-26	JagUwar  #dailyvlog #adayinmylife #adayinthelife #touringmusician #grwm #jagwartwin  created by Jagwar Twin with Jagwar Twin’s original sound
7237143570426121515	2023-05-25	We are going to a Summer Set show now  #adayinmylife #dailyvlog #jagwartwin #adayinthelife #thesummerset  created by Jagwar Twin with Jagwar Twin’s original sound
7236530989424594222	2023-05-23	I think it’s the greatest time to be human right now  #adayinmylife #adayinthelife #dailyvlog #touringmusician #jagwartwin  created by Jagwar Twin with Jagwar Twin’s original sound
7236175561813396778	2023-05-23	I actually like snakes  #adayinmylife #adayinthelife #dailyvlog #jagwartwin  created by Jagwar Twin with Jagwar Twin’s original sound
7233551234794360106	2023-05-15	Josh is cool. It really is a great time to be human. 🌈🦋❓ #joshdun #twentyonepilots #joshuadun #joshtwentyonepilots #jagwartwin #joshdunedit #twentyonepilotsedit created by Jagwar Twin with Jagwar Twin’s original sound
7232077294184058154	2023-05-11	Greetings, I’m Roy  #adayinmylife #adayinthelife #dailyvlog #jagwartwin  created by Jagwar Twin with Jagwar Twin’s original sound
7231737181176368426	2023-05-11	I am the pedicure specialist   #jagwartwin #adayinmylife #adayinthelife #dailyvlog  created by Jagwar Twin with Jagwar Twin’s original sound
7229137758491626795	2023-05-04	Mr. Josh Dun recorded the drums in the studio on “Great Time To Be Human” and “Happy Face” but we finally got to play these songs live together. Columbus, you were amazing! Thanks for being you #joshdun 🙃 #jagwartwinhappyface  created by Jagwar Twin with Jagwar Twin’s original sound
7229037126925471019	2023-05-03	Jagwar Twin came to Columbus. Josh was there. 🌈🦋❓ #twentyonepilots #joshuadun #jagwartwin #greattimetobehuman  created by Jagwar Twin with Jagwar Twin’s original sound
7226827745861307690	2023-04-27	I’ll be taking questions  #jagwartwin #ontournow #jagwartwinhappyface #bereal  created by Jagwar Twin with Jagwar Twin’s original sound
7226572672342265131	2023-04-27	Doing stuff with friends and first day of tour with @transvioletofficial  #adayinmylife #dailyvlog #adayinthelife #jagwartwin  created by Jagwar Twin with Jagwar Twin’s original sound
7226404915017649454	2023-04-26	Portraits by Roy 📸 #jagwartwin #jagwartwinhappyface #ontournow  created by Jagwar Twin with Jagwar Twin’s Great Time To Be Human
7224549876779076907	2023-04-21	Enjoying where I’m at. Now.  #jagwartwin  created by Jagwar Twin with Jagwar Twin’s original sound
7224262226650107179	2023-04-20	Rachel is cool 🙂  created by Jagwar Twin with Jagwar Twin’s original sound
7223911161371135274	2023-04-19	Replying to @karolinestiktokaccount “It’s Your Time” Live in Portland.  #jagwartwin #jagwartwinhappyface #livemusic #concerts  created by Jagwar Twin with Jagwar Twin’s It's Your Time
7222781195099229486	2023-04-16	My new song “Great Time To Be Human” is out in the world now 🌈🦋 Had fun last night in San Francisco, Sac town I’ll see you tonight!  #jagwartwin #livemusic #newmusic  created by Jagwar Twin with Jagwar Twin’s original sound
7221934630822268203	2023-04-14	“Great Time To Be Human” OUT NOW!! Yeeaaaa 🌸🌎🔥 created by Jagwar Twin with Jagwar Twin’s original sound
7221184155869039914	2023-04-12	Grammy-award winning mixer @jeffellisworldwide dropping wisdom 🪞🪜 Watch the full episode of “The Mirror Sessions” now on YT, 🔗 in bio.  #creatingart #artistsoftiktok #jeffellisworldwide #jagwartwin #fyp #flowstate  created by Jagwar Twin with Jagwar Twin’s original sound
7219366981575920942	2023-04-07	Jeff Ellis Worldwide has mixed some amazing albums (Frank Ocean, Doja Cat, and my album 33) and this is what he looks for in an artists that are early in their career.  Watch the full conversation with Jeff now on YT, 🔗 in bio  #jeffellisworldwide #grammywinner #mixingmusic #mixingengineertips #mixingengineer #jagwartwin #themirrorsessions  created by Jagwar Twin with Jagwar Twin’s original sound
7218587055029488942	2023-04-05	Grammy Award-winning mixer Jeff Ellis Worldwide (Frank Ocean, Joji, Doja Cat) ascends the mountain at sunrise with me to talk about listening vs. feeling music, working on my new album '33', and so much more in part one of this enlightening conversation.  Watch the full conversation on YT, 🔗 in bio  #jeffellisworldwide #mixingengineer #mixingmusic #mixingengineertok #musicproducers #jagwartwin #themirrorsessions  created by Jagwar Twin with Jagwar Twin’s original sound
7218586163446140202	2023-04-05	Grammy Award-winning mixer Jeff Ellis Worldwide (Frank Ocean, Joji, Doja Cat)  talks about listening vs feeling when mixing music. 🎧 Watch the full episode on YT  #jeffellisworldwide #mixingmusic #mixingengineertips #mixingengineer #jagwartwin #frankocean #themirrorsessions  created by Jagwar Twin with Jagwar Twin’s original sound
7217993430884994346	2023-04-04	Greetings people of the internet 👋🏼 I am getting so excited to see all of you beautiful humans in physical form on the tour starting next week with @transvioletofficial Who am I going to see on the 14th in Santa Ana? ⁠  #adayinmylife #adayinthelife #jagwartwin  created by Jagwar Twin with Jagwar Twin’s original sound
7216155998589832490	2023-03-30	Is there magik in here? #dailyvlog #adayinmylife #adayinthelife #jagwartwin  created by Jagwar Twin with Jagwar Twin’s original sound
7215764480628886830	2023-03-29	Whats your favorite thing in the world?  #adayinmylife #adayinthelife #dailyvlog #grwm #jagwartwin  created by Jagwar Twin with Jagwar Twin’s original sound
7215266671592951086	2023-03-27	I had a lot of tea today 🫖 #dailyvlog #adayinmylife #adayinthelife #dailyroutine #grwmroutine #dayinthifeofanartist  created by Jagwar Twin with Jagwar Twin’s original sound
7214296545166937390	2023-03-25	Wait till you see it  #dailyvlog #adayinmylife #adayinthelife #dailyroutine #jagwartwin #fyp #dayinthelifeofanartist  created by Jagwar Twin with Jagwar Twin’s original sound
7213955657001897262	2023-03-24	I made a magic wand and went to the club  #adayinmylife #adayinthelife #dailyvlog #dailyroutine #jagwartwin  created by Jagwar Twin with Jagwar Twin’s original sound
7213555326975593774	2023-03-23	Here is a collection of videos that show a day in my life. #contentcreators   #adayinmylife #dayinthelife #dayinmylifevlog #dailyvlogger #grwm #jagwartwin  created by Jagwar Twin with Jagwar Twin’s original sound
7213175952103427374	2023-03-22	Pickled Planet 🌎  #adayinmylife #dailyvlog #adayinthelife #grwm #jagwartwin #dailyroutine  created by Jagwar Twin with Jagwar Twin’s original sound
7212769895312805162	2023-03-20	Chill day being a human  #adayinmylife #fyp #dailyvlog  created by Jagwar Twin with Jagwar Twin’s original sound
7211236849388506410	2023-03-16	Angles are angels  #adayinmylife #adayinthelife #dailyvlog #jagwartwin  created by Jagwar Twin with Jagwar Twin’s original sound
7210573688264002862	2023-03-15	If you were wondering… yes, the cat meditates with me 🐈‍⬛ #adayinmylife #jagwartwin  created by Jagwar Twin with Jagwar Twin’s original sound
7210195945735195946	2023-03-14	Follow the white rabbit 🐇 #adayinmylife #adayinthelife #grwmroutine #jagwartwin #fyp #dailyvlog #dailyroutine  created by Jagwar Twin with Jagwar Twin’s original sound
7210112735441423662	2023-03-13	Replying to @marionhirth here is some more @iammalikoa content for you 🤍  #malikoa #malikoahood #jagwartwin #themirrorsessions  created by Jagwar Twin with Jagwar Twin’s original sound
7209860652167335210	2023-03-13	Have A Nice Day 🙂 #adayinmylife #adayinthelife #grwmroutine #dailyvlog #jagwartwin  created by Jagwar Twin with Jagwar Twin’s original sound
7209472657312550186	2023-03-12	Staying hydrated, eating berries, and making music. Big shoutout to @miyavi_lee_ishihara for the shredding and beautiful conversation  #adayinthelife #adayinmylife #grwmroutine #dailyvlog #jagwartwin  created by Jagwar Twin with Jagwar Twin’s original sound
7208791821210733870	2023-03-10	A lesson in financial freedom   #adayinmylife #adayinthelife #grwmroutine #dailyvlog #dailyroutine  created by Jagwar Twin with Jagwar Twin’s original sound
7208612254445653294	2023-03-09	Were all just looking for connection 🤝  Watch the full conversation with @iammalikoa now on YT.  #malikoa #malikoahood #jagwartwin #themirrorsessions  created by Jagwar Twin with Jagwar Twin’s original sound
7208265932676812075	2023-03-08	How I spent my Valentine’s Day 🌹 #dayinmylife #jagwartwin #grwm #dailyvlog #dailyroutine  created by Jagwar Twin with Jagwar Twin’s original sound
7208241492538756398	2023-03-08	Be the rock you wish to change in the world 🪨 Part 2 of my conversation with @iammalikoa is out now on YT!  #malikoahood #malikoa #jagwartwin #themirrorsessions  created by Jagwar Twin with Jagwar Twin’s original sound
7207839345171090734	2023-03-07	@iammalikoa guesses my favorite color. 🫧 Watch the full converstation with Mali now, on YT.  #malikoa #malikoahood #jagwartwin #themirrorsessions  created by Jagwar Twin with Jagwar Twin’s original sound
7207649991706365226	2023-03-07	Today I mediated, went on a hike, meditated some more, cooked a nice meal, and went in the jacuzzi. I love these kind of days.  #dayinmylife #grwmroutine #jagwartwin  created by Jagwar Twin with Jagwar Twin’s original sound
7207556430298090794	2023-03-06	Only headlines with @iammalikoa  Watch Part 1 of The Mirror Sessions with Mali now on YT🪞 #malikoa #malikoahood #jagwartwin #themirrorsessions  created by Jagwar Twin with Jagwar Twin’s original sound
7206008149231439150	2023-03-02	@iammalikoa dropping wisdom 🤯about letting go on the latest episode of The Mirror Sessions 🪞  Watch the full episode on YT  #malikoa #malikoahood #jagwartwin #lettinggo #themirrorsessions  #arco  created by Jagwar Twin with Jagwar Twin’s original sound
7205769607225904427	2023-03-02	@iammalikoa joins me for episode 5 of The Mirror Sessions 🪞 We brave the elements to discuss egyptology, learning from our mistakes, and leaving home to follow your dream. ⁠ ⁠ The Mirror Sessions are a place where I talk freely with close friends and acquaintances about music, art, humans and the meaning of life. ⁠ ⁠ Watch the full video on YT now ⁠ 🔗 in bio #malikoa #malikoahood #arco #jagwartwin #themirrorsessions  created by Jagwar Twin with Jagwar Twin’s original sound
7201183980849433902	2023-02-17	The music video for The Circle (0) is out now.  Making this video was a magical experience. Ryan and Michael and I took a road trip out to the middle of no where in the desert. Ryan brought a multitude of snacks for the drive. We went exploring and filmed the truth. I hope you enjoy this video of The Story.  #newmusic #musicvideo #jagwartwin #thecircle ⁠ created by Jagwar Twin with Jagwar Twin’s original sound
7197895922259610926	2023-02-08	☯️🪞Watch the latest episode of “The Mirror Sessions” with Bohnes, AKA Alex Deleon, as they delve into the concept that everything in this world has a duality and how with more light comes more darkness being exposed. Get ready for a deep dive into the mind and music of these artists. #Bohnes #JagwarTwin #Duality #MusicThatMatters  🎥 Watch the full video now on YouTube!  Tag ▵▢◑ created by Jagwar Twin with Jagwar Twin’s original sound
7197163005669559598	2023-02-06	I talked with Bohnes (AKA Alexander Deleon) about why he makes music and a lot of other really cool things on the latest episode of “The Mirror Sessions” 🪞 Watch the full episode now on YT, 🔗 in bio.  #alexanderdeleon #bohnes #bohnesmiddlefinger #thecab #jagwartwin #makingmusic #musicinspiration #themirrorsessions  created by Jagwar Twin with Jagwar Twin’s original sound
7195674148792700206	2023-02-02	Episode 4 of “The Mirror Sessions” 🪞featuring @bohnesofficial  💀is now available. We reflect on why we started making music, how we first met at a Fall Out Boy concert, struggles with being present in the moment, and understanding chaos to make great art.  “The Mirror Sessions” are a place where I talk freely with my friends and acquaintances about music, art, humans and the meaning of life. 🪜 Watch the full reflection on YouTube now, 🔗 in bio created by Jagwar Twin with Jagwar Twin’s original sound
7194515140178447658	2023-01-30	It’s been 4 months since I released my album 33. Thank you to everyone who’s not only heard this record but seen themselves in it also. 🪜🫶  #singer #singersoftiktok #jagwartwin #itsyourtime  created by Jagwar Twin with Jagwar Twin’s original sound
7193394905694113067	2023-01-27	New dance, what should I name it?  created by Jagwar Twin with Miley Cyrus’s Flowers
7193014295263726894	2023-01-26	Know that everything’s gonna be ok👌🏼  created by Jagwar Twin with Jagwar Twin’s original sound
7192734857192082734	2023-01-25	Let’s change the world, we can start today 🌎🤍 #newmusic #singersoftiktok   #jagwartwin #changetheworld  created by Jagwar Twin with Jagwar Twin’s original sound
7191937919265951022	2023-01-23	You can’t pour from an empty cup 🏆 Watch the full convo with 3x Grammy Winning producer S1 on YT. 🔗 in bio  #jagwartwin #s1 #fillyourcup #producersoftiktok #musicproducer #themirrorsessions.  created by Jagwar Twin with Jagwar Twin’s original sound
7190435871873682731	2023-01-19	Leave it all on 🌎 3x Grammy Winning Producer S1 (Symbolyc One) shares his journey working with music icons like Kanye West, Jay-Z, Beyonce, and Eminem on "The Mirror Sessions." Join S1 and Jagwar Twin in part 2, as they discuss how he ended up producing on Beyonce's album "Renaissance" by creating from a pure place, the importance of filling your own cup and so much more.  Watch the full video on YT 🔗 in bio  #dieempty #producersoftiktok #musicproducer #s1 #symbolycone #jagwartwin #themirrorsessions  created by Jagwar Twin with Jagwar Twin’s original sound
7190141815536831786	2023-01-18	Reminder to create from a pure place and the world will find it when they need it 🤍  Watch the latest episode of ‘The Mirror Sessions’ with 3x Grammy Winner  @symbolycone (S1).  🔗 in bio for full episode  #musicinspiration #inspirationalvideo #inspirationalquotes #inspirational #vangogh #symbolycone #s1 #jagwartwin #musicproducer #musicproduction #adviceforartists  created by Jagwar Twin with Jagwar Twin’s original sound
7190063121036447022	2023-01-18	Watch Part 2 of “The MIrror Sessions”  with @symbolycone 🪞 We discuss how he ended up producing on Beyonce's album "Renaissance" by creating from a pure place, the importance of filling your own cup and so much more. 🪜 Watch the full episode on YT, 🔗 in bio  created by Jagwar Twin with Jagwar Twin’s original sound
7189030571048422702	2023-01-15	From working in collections to producing for Kanye, Beyoncé, Madonna and more, listen to Grammy award winning producer S1’s inspiring story now. 🔗 in bio to watch episode 3 of “The Mirror Sessions”  #symbolycone #s1 #musicproducer  #musicproducer #jagwartwin #themirrorsessions  created by Jagwar Twin with Jagwar Twin’s original sound
7188215017181809962	2023-01-13	You can’t cheat time and experience  Watch the full conversation with grant award winning producer S1 (Kanye, Drake, Beyoncé) now on YT.  🔗 in bio  #musicproducer #musicproductiontiktok #musicproducerlife #s1 #symbolycone #jagwartwin #hallofmirrors  created by Jagwar Twin with Jagwar Twin’s original sound
7187836750088195370	2023-01-12	3x Grammy Winning Producer, S1 (Symbolyc One), shares how he stays aligned in his career. 🪞 Watch Ep 3 of The Mirror Sessions now on YT. 🔗 in bio for the full conversation.  #s1 #symbolycone #kanyetok #beyonce #musicproducers #musicproducer #musicinspiration #jagwartwin #themirrorsessions   created by Jagwar Twin with Jagwar Twin’s original sound
7187471243866623275	2023-01-11	Watch the full conversation with S1 on the latest episode of “The Mirror Sessions” 🪞 🔗 in bio  What are The Mirror Sessions? Much of my journey as a musician has been intertwined with friends who are also in the world creating. The exploration of self can often happen when alone, but some of the deepest conversations in life happen when simply taking a walk with a friend. We are all reflections of each other in many ways, and hearing the perspectives of those around us can profoundly impact our path to understanding and trusting who we are. The Mirror Sessions are a place where I talk freely with close friends and acquaintances about music, art, humans, and the meaning of life. #kanyewest #kanyetok #s1  #symbolycone #beyonce #musicproducer #musicproducerlife #jagwartwin #themirrorsessions  created by Jagwar Twin with Jagwar Twin’s original sound
7184556175864696110	2023-01-03	Knowing yourself is the 🗝 Check out @littlelunamusic on the latest episode of The Mirror Sessions.  🔗 in bio to watch the full video  #knowyourself #littleluna #acting #jagwartwin #themirrorsessions  created by Jagwar Twin with Jagwar Twin’s original sound
7184135735333899566	2023-01-02	We’re all stars ⭐️ Watch Episode 2 of “The Mirror Sessions” with @littlelunamusic now on YT. 🔗 in bio  #stars #littleluna #jagwartwin  created by Jagwar Twin with Jagwar Twin’s original sound
7183424655326252330	2022-12-31	2022 was a strange year. But what year isn’t strange on this rock? I was thinking that I didn’t do much this year but when I look backwards I got a record deal, did my first radio shows, dropped 33, played some festivals, made a metaverse called the Hall Of Mirrors, started recording my conversations with friends on The Mirror series, and all that stuff is pretty cool. Things often appear bigger in reverse. It’s raining in LA right now. Water falling from the sky. Thank you to every single one of you who has sent me an encouraging message or comment, it means more than you know. El Roy 🐆 created by Jagwar Twin with Jagwar Twin’s original sound
7182689178327502122	2022-12-29	The job of an artist is to take off the mask. What do you think? 🎭 Watch the full conversation with @littlelunamusic on the latest episode of “The Mirror Sessions”  What are The Mirror Sessions? Much of my journey as a musician has been intertwined with friends who are also in the world creating. The exploration of self can often happen when alone, but some of the deepest conversations in life happen when simply taking a walk with a friend. We are all reflections of each other in many ways, and hearing the perspectives of those around us can profoundly impact our path to understanding and trusting who we are. The Mirror Sessions are a place where I talk freely with close friends and acquaintances about music, art, humans, and the meaning of life. Watch the full video now on YT. 🔗 in bio.  #artistsoftiktok #inspirational #inspirationalvideo #themirrorsessions #littleluna #5sos #jagwartwin  created by Jagwar Twin with Jagwar Twin’s original sound
7182331027220679982	2022-12-28	Perspective is a powerful tool  Watch Episode One of the Mirror Sessions with Calum Hood now on YT. 🔗 in bio  #calumhood #themirrorsessions #jagwartwin #5sos  created by Jagwar Twin with Jagwar Twin’s original sound
7182236371849923886	2022-12-28	Part 2 of “The Mirror Sessions” with @littlelunamusic is now available. We discuss mythology, the Lion King, feeling seen and sacrifice. 🪜 Watch the full video on YT, 🔗 in bio  created by Jagwar Twin with Jagwar Twin’s original sound
7181891546499829034	2022-12-27	Have you learned anything from working with your shadow? ▪️🪞▫️ Watch my full conversation with @littlelunamusic for more amazing insight into her world 🌙 Full video on YT, 🔗 in bio  #shadowwork #littleluna #jagwartwin #shadow #themirrorsessions  created by Jagwar Twin with Jagwar Twin’s original sound
7180421132372462894	2022-12-23	Are you willing to be proven wrong? 🪞 Listen to the full conversation with @littlelunamusic on YT by hitting the 🔗 in bio  #littleluna #jagwartwin #themirrorsessions  created by Jagwar Twin with Jagwar Twin’s original sound
7180009795620080939	2022-12-22	Do you think people are inherently good? 🤔 @littlelunamusic shares her thoughts on this weeks episode of the #TheMirrorSessions 🪞 🔗 in bio for full episode on YT  #littleluna #jagwartwin #realconversation #podcast  created by Jagwar Twin with Jagwar Twin’s original sound
7179676901290560811	2022-12-21	@littleluna joins me for Episode 2 of “The Mirror Sessions”  We discuss why she has time on her tour rider, the difference between good and evil, and the importance of our parents setting a vibe in our homes growing up. ⁠ ⁠ The Mirror Sessions are a place where I talk freely with close friends and acquaintances about music, art, humans and the meaning of life. ⁠ ⁠ Watch the full video on YouTube now ⁠ 🔗 in bio #littleluna #jagwartwin #themirrorsessions #peoplepleaser #conversationswithfriends  created by Jagwar Twin with Jagwar Twin’s original sound
7177437747827739946	2022-12-15	Being observant doesn’t mean you’re shy 🪞 Watch the full conversation with Calum Hood on YT. 🔗 in bio  #calumhood #5sos #jagwartwin #themirrorsessions  created by Jagwar Twin with Jagwar Twin’s original sound
7177109800348601642	2022-12-14	The inside of the inside must be where you go 🌀 created by Jagwar Twin with Jagwar Twin’s original sound
7176685938389683499	2022-12-13	Have you ever got a tattoo with someone you just met or is it just me and Cal?   Watch the full episode of The Mirror Sessions on YT. 🔗 in bio.   #calumhood #5sos #jagwartwin #themirrorsessions  created by Jagwar Twin with Jagwar Twin’s original sound
7175237281337363755	2022-12-09	When was the last time you experienced pure joy?   Watch part 2 of The Mirror Sessions with Calum Hood now. 🔗 in bio   #5sos #calumhood #themirrorsessions #jagwartwin  created by Jagwar Twin with Jagwar Twin’s original sound
7174841442081246510	2022-12-08	Steam my new album “33” Available on all platforms now.  #newmusic #alternativerock #jagwartwin #itsyourtime  created by Jagwar Twin with Jagwar Twin’s original sound
7174570042624003374	2022-12-08	Part 2 of “The Mirror Sessions” with Calum Hood are out now.   Watch the full video on YT. 🔗 in bio   #calumhood #5sos #themirrorsessions #jagwartwin  created by Jagwar Twin with Jagwar Twin’s original sound
7174478252570905899	2022-12-07	Part 2 of “The Mirror Session” with Calum Hood from 5 Seconds of Summer is now available. 🪞  What are The Mirror Sessions? Much of my journey as a musician has been intertwined with friends who are also in the world creating. The exploration of self can often happen when alone, but some of the deepest conversations in life happen when simply taking a walk with a friend. We are all reflections of each other in many ways and hearing the perspectives of those around us can have a profound impact on our path to understanding and trusting who we are. The Mirror Sessions are a place where I talk freely with close friends and acquaintances about music, art, humans and the meaning of life.  Watch the full thing on YT. 🔗 in bio.   #calumhood #5sos #themirrorsessions #jagwartwin  created by Jagwar Twin with Jagwar Twin’s original sound
7173737116197866794	2022-12-05	Nature moments with Cal 🐛  Watch Ep.1 of “The Mirror Sessions” with Calum Hood, 🔗 in bio.   #calumhood #5sos #5sosfam #jagwartwin #mirrorsessions  created by Jagwar Twin with Jagwar Twin’s original sound
7173504052355960107	2022-12-05	Are you willing to be proven wrong? 🌐 Watch episode 1 of the The Mirror Sessions with Calum Hood from 5 Seconds of Summer on YT, 🔗 in bio.   #calumhood #5sos #5secondsofsummer #jagwartwin #mirrorsessions  created by Jagwar Twin with Jagwar Twin’s original sound
7172669793949060398	2022-12-02	“Soul Is A Star” Live at The Bradbury Building in Downtown LA.   #jagwartwin #livemusic #acousticcovers #acoustic  created by Jagwar Twin with Jagwar Twin’s original sound
7172656717786860843	2022-12-02	Cal dropping wisdom bombs, per usual   Watch Part 1 of The Mirror Sessions on YT. 🔗 in bio.  #calumhood #jagwartwin #5sos #mirrorsessions  created by Jagwar Twin with Jagwar Twin’s original sound
7172256343791815978	2022-12-01	Pay Attention to what grabs your attention 🕊  Watch the part one of “The Mirror Sessions” with #calumhood now on YT.  🔗 in bio  #jagwartwin #5sos #mirrorsessions  created by Jagwar Twin with Jagwar Twin’s original sound
7171870916098477354	2022-11-30	Watch Ep. 1 of “The Mirror Sessions” with my good friend Calum Hood. We discuss how we met, what it’s like living together, our ancestors and other things in part one of our two part conversation.   Watch the full video on YT 🔗 in bio  #calumhood #5sos #themirrorsessions #jagwartwin  created by Jagwar Twin with Jagwar Twin’s original sound
7166701818712739118	2022-11-16	“Soul Is A Star” Acoustic Video is out now  Find the full video on YT  created by Jagwar Twin with Jagwar Twin’s original sound
7165939172497313070	2022-11-14	“The Circle” Acoustic  Full video on YT   #acoustic #acousticcovers #jagwartwin #thecircle  created by Jagwar Twin with Jagwar Twin’s original sound
7164052235947822382	2022-11-09	“The Circle” Acoustic Video is out now   Watch the full video on YouTube  🔗 in bio  created by Jagwar Twin with Jagwar Twin’s original sound
7161453933892783402	2022-11-02	“Online” Acoustic Video is out now   🔗 in bio   #acoustic #acousticcovers #jagwartwin #online  created by Jagwar Twin with Jagwar Twin’s original sound
7159392731356302634	2022-10-28	“Online” Acoustic LIVE at The Bradbury Building in Downtown Los Angeles  created by Jagwar Twin with Jagwar Twin’s original sound
7156093298053090606	2022-10-19	Nobody will understand you if you don’t understand yourself  created by Jagwar Twin with Jagwar Twin’s original sound
7153736584355990826	2022-10-12	When I was a kid my dad took me into the middle of the desert one night and said, “Look into the darkest corner. That is how your eyes will find the light”. Those words have always been with me. Even in the darkest places.  created by Jagwar Twin with Jagwar Twin’s original sound
7152973466088557867	2022-10-10	We don’t go outside, we stay in and pretend  created by Jagwar Twin with Jagwar Twin’s I Like to Party
7149702311319751978	2022-10-02	Everyone loves the Internet 🕸  #musictok #singersoftiktok #altrock #newmusic #singer #online   This is a brand new song off my new album ‘33’ and it’s called Online. You can listen to it now wherever you find your music 🎶  created by Jagwar Twin with Jagwar Twin’s original sound
7149035172002925866	2022-09-30	My new album 33 is out now! I have no words to describe what I’m feeling right now… but I just want to say thank you from the bottom of my heart to every single one of you who has streamed the music, bought Merch, showed up to shows, you have made my dreams come true and I am forever grateful. 33 is yours now! I pray that this album serves you as a mirror and a reminder of who you are in the same way that creating it served me. Even in the darkest places, there is light. Kings and Queens, it’s time to reclaim your crown! Endless love   - El Roy the Jagwar   #newmusic #newmusicfriday #musicontiktok #newmusicalert #musicvideo #jagwartwin created by Jagwar Twin with Jagwar Twin’s original sound
7148212198056267051	2022-09-27	This was fun, where do you want to see Jagwar Twin play next? ‘Happy Face’ LIVE at Firefly Festival -9/24/22  🫠 #fireflyfestival2022 #fireflyfestival #musicontiktok #jagwartwin #livemusic  created by Jagwar Twin with Jagwar Twin’s original sound
7146691100529462571	2022-09-23	Replying to @brooks_irwin energy = frequency / time ⚡️🤍  #alternativerock #newalt #music #singer #altrock  created by Jagwar Twin with Jagwar Twin’s original sound
7135097157027302702	2022-08-23	Replying to @Dani 🤪❤️  everything is possible 🪄  created by Jagwar Twin with Jagwar Twin’s original sound
7134857605276749102	2022-08-23	Use daily to turn your frown, upside down 🙂 #newmusic #artistsoftiktok #alternativerock #singer #WorldPrincessWeek #fyp  created by Jagwar Twin with Jagwar Twin’s original sound
7132972685688180014	2022-08-17	“Everything is possible” - El Roy 🫠🕊 #musiciansoftiktok #newmusic #storytime  created by Jagwar Twin with Jagwar Twin’s original sound
7131107867393903915	2022-08-12	Reply to @deaf_shepherd  #princessdiaries #erikvondetten created by Jagwar Twin with Myra Sparkles’s original sound
7131013731869281578	2022-08-12	Birth of my regeneration  “Happy Face” Acoustic 🫠 #singer #acoustic #newartistontiktok #happyface  created by Jagwar Twin with Jagwar Twin’s Happy Face
7131013246131326254	2022-08-12	tick tock, Tik Tok, ticking like a time 💣 #singersoftiktok #altrock #newmusicfriday #happyface  created by Jagwar Twin with Jagwar Twin’s Happy Face :(a): (LIVE)
7131010651572522282	2022-08-12	Happy Face LIVE in Detroit 🫠 #singer #newmusic #artistsoftiktok #happyface  created by Jagwar Twin with Jagwar Twin’s Happy Face :(a): (LIVE)
7130389371613728043	2022-08-10	If you’re sad don’t let it show 🙃 Happy Face :(a): LIVE in Detroit.  #singer #musictok #happyface #newmusic  created by Jagwar Twin with Jagwar Twin’s Happy Face
7128901410523139374	2022-08-06	I wrote this happy song and called it Happy Face 🙃 #happyface #singer #acoustic  created by Jagwar Twin with Jagwar Twin’s Happy Face
7126692563062476075	2022-08-01	All comes down to you #jagwartwin #downtoyou created by Jagwar Twin with Jagwar Twin’s Down to You
7125520421075619114	2022-07-28	Let me see your Happy Face 🫠#happyface #happyfacetrend #jagwartwin created by Jagwar Twin with Jagwar Twin’s Happy Face
7113699913740979498	2022-06-26	#jagwartwin created by Jagwar Twin with Kendrick Lamar’s United In Grief
7113390697847246123	2022-06-26	Jagwar Twin show opener “The Circle” #jagwartwin #thecircle created by Jagwar Twin with Jagwar Twin’s original sound